	compound	negative	neutral	org	positive	text	tweets_ago
0	0.0	0.0	1.0	BBCNews	0.0	Plymouth Pryzm nightclub deaths: Tributes paid to teenagers https://t.co/vS3fHvTo0B	1
1	0.4215	0.0	0.641	BBCNews	0.359	Manchester United 1-2 Manchester City https://t.co/5jrzPbLXbT	2
2	0.7574	0.0	0.727	BBCNews	0.273	"RT @BBCSport: Full time! Manchester United 1-2 Manchester City.

Pep Guardiola's side move 11 points clear at the top of the Premier League‚Ä¶"	3
3	0.0	0.0	1.0	BBCNews	0.0	Qatar buys 24 Eurofighter Typhoon jets in ¬£6bn deal https://t.co/RPDlOvjxWI	4
4	0.1901	0.0	0.923	BBCNews	0.077	RT @bbcweather: #Snow continues to ease for many overnight, but #ice will then become a hazard in many areas as temperatures plummet https:‚Ä¶	5
5	0.0	0.0	1.0	BBCNews	0.0	RT @bbcweather: After a weekend of heavy snowfalls across large swathes of the UK, what's in store for the week ahead? Here's the full pict‚Ä¶	6
6	-0.5093	0.162	0.838	BBCNews	0.0	"RT @BBCSport: All over! 

Wayne Rooney's late penalty earns Everton a 1-1 draw at Liverpool.

Manager reaction here: https://t.co/Ka8og7nji‚Ä¶"	7
7	0.4215	0.055	0.828	BBCNews	0.117	"RT @BBCBreakfast: #Snow has been falling around the #UK - with up to 10 inches in some places üß£‚ùÑÔ∏èüß§‚òÉÔ∏èüå¨Ô∏è
Have you been out enjoying it? We wo‚Ä¶"	8
8	-0.5574	0.205	0.795	BBCNews	0.0	RT @BBCWorld: Star Wars: The Last Jedi - tributes to Carrie Fisher at LA premiere https://t.co/qYTiD3qGBD	9
9	0.4588	0.0	0.625	BBCNews	0.375	RT @BBCJonSopel: London looking cute https://t.co/V6vCg6N7na	10
10	0.0516	0.16	0.67	BBCNews	0.17	"Scenes of fun and frustration as snow hits parts of the UK ‚ùÑÔ∏èüõ∑‚òÉÔ∏è 

https://t.co/q8TF4YkVXY https://t.co/qZ0aa9ioRW"	11
11	0.0	0.0	1.0	BBCNews	0.0	Ex soldier says Foreign Office 'betrayed' Chennai Six https://t.co/sDwU1eu65r	12
12	-0.3182	0.223	0.647	BBCNews	0.129	Ashes: Ben Duckett suspended from playing on England Lions tour https://t.co/c5ELhCYD8L	13
13	-0.34	0.194	0.806	BBCNews	0.0	RT @danroan: ECB suspends Duckett &amp; gives him final warning https://t.co/4khtWkiMMj	14
14	0.0	0.0	1.0	BBCNews	0.0	"RT @BBCSport: Full time!

Southampton 1-1 Arsenal.

A late goal by substitute Olivier Giroud earns Arsenal a point.

Manager reaction here:‚Ä¶"	15
15	0.0	0.0	1.0	BBCNews	0.0	RT @bbcweather: Latest official snow depths. Matt https://t.co/wS22lMk5MX	16
16	0.0	0.0	1.0	BBCNews	0.0	RT @bbcweather: Latest rain and #uksnow radar. Matt https://t.co/tbCweypX42	17
17	0.0762	0.0	0.944	BBCNews	0.056	The UK will not pay any money to the EU if it leaves without a trade deal, according to Brexit Secretary David Davi‚Ä¶ https://t.co/FbQlNJH76B	18
18	-0.34	0.211	0.789	BBCNews	0.0	Grenfell Tower fire: Equality watchdog EHRC to launch inquiry https://t.co/gxxaDvSX8R	19
19	-0.0772	0.084	0.843	BBCNews	0.072	RT @bbcweather: Tonight: A #cold and #frosty night for many with a significant risk of #ice in places that have seen #rain, #sleet &amp; #snow‚Ä¶	20
20	0.0516	0.0	0.941	BBCNews	0.059	"RT @BBCWorld: ""It's actually the stuff of nightmares."" 

The Australian town that's been overwhelmed by an invasion of bats. https://t.co/R‚Ä¶"	21
21	0.0	0.0	1.0	BBCNews	0.0	"RT @BBC_HaveYourSay: Can you beat these photos of the snow across the UK? Send us your snaps!

‚ùÑÔ∏è‚õÑÔ∏èüå®

https://t.co/TizrecpJ7c"	22
22	-0.4939	0.348	0.652	BBCNews	0.0	Jailed Max Clifford dies, aged 74 https://t.co/Kh27ZuXUDG	23
23	0.0	0.0	1.0	BBCNews	0.0	RT @BBCWorld: How long can a BBC reporter stay hidden from CCTV cameras in China? @TheJohnSudworth has been given rare access to put the wo‚Ä¶	24
24	-0.25	0.222	0.778	BBCNews	0.0	Lincoln Christmas market cancelled due to snow https://t.co/uyK6s1KUog	25
25	0.5994	0.0	0.781	BBCNews	0.219	"RT @bbc5live: Children as young as 10 are buying energy drinks, saying they want to ""fit in"" or ""look tough"".

Research by @fuse_online als‚Ä¶"	26
26	-0.2003	0.165	0.744	BBCNews	0.091	"RT @daily_politics: ""We were never going to solve this in the first phase"" - admits Northern Ireland Secretary @JBrokenshire on avoiding a‚Ä¶"	27
27	-0.5106	0.215	0.717	BBCNews	0.067	RT @BBCEngland: Heavy snow is causing widespread travel problems, with motorists warned to think carefully before setting out https://t.co/‚Ä¶	28
28	-0.6908	0.213	0.787	BBCNews	0.0	"RT @BBCSport: The #uksnow has hit sporting events across the country - with football and racing the worst affected. 

Stay up to date: http‚Ä¶"	29
29	0.0	0.0	1.0	BBCNews	0.0	"‚ùÑÔ∏è Heavy snowfall hits parts of the UK ‚ùÑÔ∏è

For the latest updates: https://t.co/9GRCDjdRjr https://t.co/xprhSxmWkk"	30
30	0.0	0.0	1.0	BBCNews	0.0	Brexit: May's EU deal not binding, says David Davis https://t.co/SRJxiZZFPC	31
31	-0.296	0.128	0.872	BBCNews	0.0	"RT @MarrShow: ""No deal means we won't be paying money"" to EU - @DavidDavisMP tells #marr https://t.co/Q2XtRYJz21"	32
32	0.25	0.0	0.905	BBCNews	0.095	"""Canada plus, plus, plus"" - Brexit secretary David Davis outlines his vision of the deal he wants with the EU‚Ä¶ https://t.co/30pLOWzCCw"	33
33	0.3818	0.0	0.894	BBCNews	0.106	RT @bbcweather: It's clear to see where the #snow is across the country looking at the latest snow &amp; rain radar. Stav D https://t.co/dz0mtP‚Ä¶	34
34	0.0772	0.0	0.939	BBCNews	0.061	RT @ChrisMasonBBC: If you're watching #Marr and want to get to the bottom of sectoral analyses / impact assessments stuff, @bbclaurak offer‚Ä¶	35
35	-0.743	0.558	0.442	BBCNews	0.0	Jailed Max Clifford has heart attack https://t.co/s6FtJZP3tu	36
36	0.3818	0.0	0.89	BBCNews	0.11	RT @MarrShow: Shadow Brexit Secretary @Keir_Starmer says Labour have been clear that it wants to retain 'benefits' of being inside the sing‚Ä¶	37
37	0.0	0.0	1.0	BBCNews	0.0	RT @MarrShow: Hollywood writer &amp; director Aaron Sorkin has described Donald Trump‚Äôs decision to recognise Jerusalem as the capital of Israe‚Ä¶	38
38	-0.2732	0.093	0.856	BBCNews	0.051	RT @MarrShow: SNP want Labour to get behind them and argue to remain in the single market and customs union - @IanBlackfordMP tells #marr h‚Ä¶	39
39	0.0	0.0	1.0	BBCNews	0.0	"""I think that's the right thing"" - shadow Brexit secretary Keir Starmer says UK must stay close to EU's single mark‚Ä¶ https://t.co/M6nWudPM7X"	40
40	0.0	0.0	1.0	BBCNews	0.0	RT @MarrShow: .@IanBlackfordMP says both sides in the referendum campaign did not say Britain will be leaving the single market after Brexi‚Ä¶	41
41	0.0	0.0	1.0	BBCNews	0.0	RT @BBCClick: You won't believe your eyes. Watch how visual effects artists brought Paddington to life https://t.co/DeMgQuYLha	42
42	-0.296	0.099	0.901	BBCNews	0.0	"RT @bbc5live: It was the premiere of #StarWars #TheLastJedi in LA overnight.

Showbiz journalist Simon Thompson teases what fans can expect‚Ä¶"	43
43	-0.25	0.087	0.913	BBCNews	0.0	"RT @BBCWorld: ""This is a planetary crisis... we are ruining the ecosystem of the ocean.""

Seven charts that explain the plastic pollution p‚Ä¶"	44
44	0.0	0.0	1.0	BBCNews	0.0	"Up to 20cm of snow could fall in some parts of the UK. ‚ùÑÔ∏è

The Met Office has issued an amber weather warning‚Ä¶ https://t.co/HGXNk0THh5"	45
45	-0.3612	0.263	0.584	BBCNews	0.153	Teachers call for ban on energy drinks in schools https://t.co/ExfsbxlnCG	46
46	-0.296	0.268	0.732	BBCNews	0.0	Singer Chris Rea collapses on stage https://t.co/AndjT3jF6l	47
47	0.5719	0.0	0.709	BBCNews	0.291	James DeGale v Caleb Truax: American wins IBF super-middleweight title https://t.co/xn3BehnywW	48
48	0.0	0.0	1.0	BBCNews	0.0	Johnson to meet Iranian president on second day of talks https://t.co/iHBY3zK4Fo	49
49	0.0	0.0	1.0	BBCNews	0.0	Brexit: MPs call for 'meaningful' Commons vote https://t.co/iVyITDEChG	50
50	-0.34	0.231	0.769	BBCNews	0.0	UK snow: Amber warning predicts snow across UK https://t.co/UiLRG54yyL	51
51	0.34	0.0	0.769	BBCNews	0.231	Derek Mackay offers assurances over Scottish budget plans https://t.co/MbxXub5JNM	52
52	-0.296	0.268	0.732	BBCNews	0.0	Two-year degrees to lower tuition fees https://t.co/kGjLlaK81l	53
53	0.0	0.0	1.0	BBCNews	0.0	Carl Sargeant's son in Alyn and Deeside by-election bid https://t.co/fS5iCE8hoH	54
54	-0.8201	0.319	0.681	BBCNews	0.0	'My dad was controlling but I didn't think he could kill my mother and sister' https://t.co/Qjj1RAxvcC	55
55	-0.5994	0.189	0.811	BBCNews	0.0	RT @bbcweather: Area covered by a Met Office AMBER weather warning indicates the area most likely *at the moment* to see disruption from he‚Ä¶	56
56	0.0	0.0	1.0	BBCNews	0.0	#Brexit: What still needs to be worked out? https://t.co/FN5H8LLZUK https://t.co/WpZMGjlvxw	57
57	-0.126	0.14	0.741	BBCNews	0.119	"RT @BBCSport: It‚Äôs a 7Ô∏è‚É£th UK Championship final for Ronnie O'Sullivan!

The Rocket defeated Stephen Maguire in the semi-final.

Full repor‚Ä¶"	58
58	0.0	0.0	1.0	BBCNews	0.0	Johnson holds 'frank' talks in Iran https://t.co/2GlG6tB7Ym	59
59	-0.5994	0.245	0.755	BBCNews	0.0	Two young Devon men die after 'taking drugs at Plymouth Pryzm nightclub' https://t.co/lmJiazOVw5	60
60	0.3182	0.0	0.901	BBCNews	0.099	RT @bbcstories: These teachers are putting their hands in their own pockets to increase their pupils‚Äô attendance by turning spare change in‚Ä¶	61
61	0.7088	0.0	0.763	BBCNews	0.237	"RT @BBCSport: Bradley Wiggins in a boat?!

The five-time Olympic cycling champion made his competitive rowing debut at the British Indoor C‚Ä¶"	62
62	0.0	0.0	1.0	BBCNews	0.0	Man stripped in 50-hour kidnap ordeal in Thornton Heath https://t.co/RKgwm7FQiT	63
63	0.5719	0.0	0.709	BBCNews	0.291	Motorcyclist clocked at 101mph on Rest and Be Thankful https://t.co/xxMn1W3HQ3	64
64	-0.5994	0.358	0.642	BBCNews	0.0	Coventry hospital changes procedures after woman's death https://t.co/DQz7zLp6ss	65
65	-0.6808	0.456	0.375	BBCNews	0.169	Horsham woman 'ran screaming' for help after rape https://t.co/RpxYBZAHJN	66
66	-0.5994	0.189	0.811	BBCNews	0.0	RT @bbcweather: Area covered by a Met Office AMBER weather warning indicates the area most likely *at the moment* to see disruption from he‚Ä¶	67
67	-0.3939	0.123	0.877	BBCNews	0.0	RT @BBCPolitics: #BarnierBants?... has the lack of sleep finally got to @adamfleming? Listen to our üá¨üáß #Brexitcast üá™üá∫ podcast üéß https://t.c‚Ä¶	68
68	0.0	0.0	1.0	BBCNews	0.0	"RT @BBCSport: The snow has hit Scottish football, with one game in England also off.

Stay up to date: https://t.co/ooFS8fDH90 https://t.co‚Ä¶"	69
69	0.0	0.0	1.0	BBCNews	0.0	"RT @BBCSport: Ben Duckett was dropped after pouring a drink over another player in a Perth bar.

Trevor Bayliss says he's fed up of answeri‚Ä¶"	70
70	-0.5688	0.182	0.818	BBCNews	0.0	RT @bbcweather: Areas most at risk of seeing heavy and disruptive #snow early Sunday morning will be The Midlands, Wales and N England with‚Ä¶	71
71	0.0	0.0	1.0	BBCNews	0.0	"RT @bbcworldservice: Meet the 'Godfather of Coral' - he's 72 and still diving...
More ocean stories here: https://t.co/rSuH8OsVe6 https://t‚Ä¶"	72
72	0.4939	0.0	0.686	BBCNews	0.314	Why British Muslims care about Jerusalem https://t.co/Ui4sKUUeBU https://t.co/9asnrFfPtR	73
73	0.0	0.0	1.0	BBCNews	0.0	RT @BBCTech: Calls for Twitch to police 'sexual streaming' https://t.co/LCXB3CFXex	74
74	-0.296	0.155	0.845	BBCNews	0.0	RT @BBCScienceNews: Dying mother starts petition to lower age of breast screening https://t.co/QiuCc3ZRFW	75
75	-0.4588	0.12	0.88	BBCNews	0.0	"RT @BBCSport: England's troubled tour has taken another turn. 

Ben Duckett has been involved in an incident in a Perth bar - the same day‚Ä¶"	76
76	0.0	0.0	1.0	BBCNews	0.0	RT @BBCArchive: #OnThisDay 1934: Dame Judi Dench was born in Heworth. https://t.co/ZxiV5xMyGv	77
77	0.0	0.0	1.0	BBCNews	0.0	RT @BBCBusiness: Would you be a farmer? #bbcfoodchain https://t.co/WXekNjI1Xb	78
78	0.2732	0.0	0.9	BBCNews	0.1	RT @BBCEngland: A Lego-mad couple are using 350,000 bricks to create an 8ft (2.4m) doll's house in their Cambridgeshire lounge üëÄ https://t.‚Ä¶	79
79	0.0	0.0	1.0	BBCNews	0.0	RT @BBCBusiness: Why do animals keep popping up in the financial world? Take a look at our Business Bestiary. The full A-Z of Business Anim‚Ä¶	80
80	0.296	0.0	0.82	BBCNews	0.18	Thousands to join Sleep in the Park event in Edinburgh https://t.co/dBu75i9dsU	81
81	0.0	0.0	1.0	BBCNews	0.0	Ashes: Ben Duckett dropped from England tour game after Perth bar incident https://t.co/5JvcAC9oR7	82
82	0.0	0.0	1.0	BBCNews	0.0	Brexit: Michael Gove says UK voters can change final deal https://t.co/Dfn5uyMetY	83
83	0.4404	0.0	0.756	BBCNews	0.244	Grammar schools 'contrary to common good' - Archbishop of Canterbury https://t.co/B2eQXTw29l	84
84	0.0	0.0	1.0	BBCNews	0.0	Nazanin Zaghari-Ratcliffe: Boris Johnson set for talks in Iran https://t.co/gyFhyJJ6pi	85
85	0.0772	0.0	0.885	BBCNews	0.115	'Come out in class - if you want to', teachers urged https://t.co/zzNANUrfOw	86
86	0.6124	0.0	0.643	BBCNews	0.357	"Saturday's Express: ""Huge Brexit boost at last"" (via @hendopolis) #tomorrowspaperstoday https://t.co/DjTHu85JFx"	87
87	-0.1531	0.103	0.897	BBCNews	0.0	"Saturday's Guardian: ""Deal is done but EU warns of more delays"" (via @hendopolis) #tomorrowspaperstoday https://t.co/OhXo4axRB5"	88
88	0.0	0.0	1.0	BBCNews	0.0	"Saturday's Mirror: ""Mrs Softee"" (via @hendopolis) #tomorrowspaperstoday https://t.co/XyZ8IZD1Q4"	89
89	-0.4767	0.237	0.763	BBCNews	0.0	"Saturday's Sun: ""Glass attack on TV Kat"" (via @hendopolis) #tomorrowspaperstoday https://t.co/jzP6tjY65d"	90
90	0.0	0.0	1.0	BBCNews	0.0	Stormzy is BBC Music's artist of the year https://t.co/SHu3XDHwZ4	91
91	0.6369	0.0	0.682	BBCNews	0.318	"Saturday's Telegraph: ""The price of freedom"" (via @hendopolis) #tomorrowspaperstoday https://t.co/GsSsEFqwtF"	92
92	0.0	0.0	1.0	BBCNews	0.0	"Saturday's Times: ""May bounces back"" (via @hendopolis) #tomorrowspaperstoday https://t.co/Iv7oRYCGof"	93
93	0.0	0.0	1.0	BBCNews	0.0	"Saturday's Independent: ""So, 18 months after the Brexit vote...."" (via @hendopolis) #tomorrowspaperstoday https://t.co/UOZoy4Gii7"	94
94	0.0	0.0	1.0	BBCNews	0.0	"Saturday's i: ""Britain sets course for soft Brexit"" (via @hendopolis) #tomorrowspaperstoday https://t.co/Ka8PTyLD69"	95
95	0.0	0.0	1.0	BBCNews	0.0	"Saturday's Mail: ""Rejoice! We‚Äôre on our way"" (via @hendopolis) #tomorrowspaperstoday https://t.co/hqj378KctA"	96
96	-0.3818	0.265	0.735	BBCNews	0.0	"Saturday's FT: ""May warned on tough choices ahead"" (via @hendopolis) #tomorrowspaperstoday https://t.co/5yzHXrXb8y"	97
97	0.2023	0.103	0.735	BBCNews	0.162	"Saturday's Morning Star: ""Thousands join council pay pickets"" (via @hendopolis) #tomorrowspaperstoday https://t.co/i45PzoMInD"	98
98	0.0	0.0	1.0	BBCNews	0.0	M5 at standstill in Devon because of 'man on bridge' https://t.co/nEnCzSlCxv	99
99	-0.4767	0.341	0.659	BBCNews	0.0	Jail for cleaning fluid attack robbers https://t.co/zcqJwKJAwQ	100
100	0.2732	0.126	0.669	CBSNews	0.204	When a deer got trapped in the middle of a frozen pond in Oregon, firefighters rushed to the rescue, helping it shu‚Ä¶ https://t.co/LI4s6ER60u	1
101	0.3612	0.0	0.884	CBSNews	0.116	A rare snow made parts of the South look like a winter wonderland this weekend, with some areas getting their first‚Ä¶ https://t.co/YQnbwA4bC5	2
102	0.0	0.0	1.0	CBSNews	0.0	".@VP spokesperson says it's ""unfortunate"" Palestinian President Mahmoud Abbas won't meet with Vice President Mike P‚Ä¶ https://t.co/t5P751PIct"	3
103	-0.5719	0.19	0.736	CBSNews	0.074	Houston cancer researcher is speaking out after she was kicked off a Spirit Airlines flight along with her two-year‚Ä¶ https://t.co/Ceytkil3NS	4
104	-0.128	0.086	0.914	CBSNews	0.0	"If Moore is elected, Collins says senators will face ""tough decision"" on overturning Ala. voters (via‚Ä¶ https://t.co/YtDx8XFBh9"	5
105	0.3612	0.0	0.884	CBSNews	0.116	Like many people in Southern California, Julie and Don Myers had to evacuate during the wildfires, leaving behind v‚Ä¶ https://t.co/4WvthxDmDo	6
106	0.0	0.0	1.0	CBSNews	0.0	Most Alabama Republican leaders say they plan to vote for Roy Moore on Tuesday despite sexual misconduct allegation‚Ä¶ https://t.co/ns19jEz2QC	7
107	0.34	0.0	0.876	CBSNews	0.124	Scores of Lebanese and Palestinian demonstrators clashed with security forces and burned flags outside the U.S. Emb‚Ä¶ https://t.co/XcIQvf7WIg	8
108	-0.7717	0.372	0.628	CBSNews	0.0	Sen. Dick Durbin says no political calculation in Democrats' calls for Franken's resignation (via @FaceTheNation)‚Ä¶ https://t.co/548PTWtC3Z	9
109	0.6808	0.0	0.752	CBSNews	0.248	Missouri woman wins lottery twice in one day, from a Monopoly scratch-off ticket and later with a ticket worth much‚Ä¶ https://t.co/Y5xYFkQaBu	10
110	0.0	0.0	1.0	CBSNews	0.0	.@CBSEveningNews anchor @JeffGlor to interview French President Emmanuel Macron on Monday, Dec. 11. The interview w‚Ä¶ https://t.co/SLKoWMeSH1	11
111	0.0	0.0	1.0	CBSNews	0.0	The rehab program that puts alcoholic pilots back in the cockpit (via @CBSSunday) https://t.co/g2NGmfDmYu https://t.co/V6ne8ihBHu	12
112	-0.2023	0.101	0.899	CBSNews	0.0	"Nikki Haley on Trump accusers: Women who accuse anyone ""should be heard"" and ""dealt with"" https://t.co/2vYwHgMbiG https://t.co/Pa6qpWOegH"	13
113	0.0	0.0	1.0	CBSNews	0.0	@CBSEveningNews anchor @JeffGlor to interview French President Emmanuel Macron on Monday, Dec. 11. The interview wi‚Ä¶ https://t.co/UDOIqnLTbH	14
114	-0.9061	0.399	0.601	CBSNews	0.0	A South Carolina serial killer convicted of killing seven people says he has more victims who have not been discove‚Ä¶ https://t.co/Wh01mdllbu	15
115	0.5574	0.0	0.806	CBSNews	0.194	"Early praise for ""The Last Jedi"" after jam-packed world premiere Saturday night in Los Angeles‚Ä¶ https://t.co/l6wnI0DQtN"	16
116	0.4939	0.0	0.862	CBSNews	0.138	After a Bel Air mansion burned to the ground, this artist was touched that firefighters were able to save his prize‚Ä¶ https://t.co/hv5HZxYASh	17
117	0.3612	0.0	0.878	CBSNews	0.122	"""Very abnormal"" December snowfall in the Deep South now dealing with its after-effects like power outages and freez‚Ä¶ https://t.co/AjMssZIO5U"	18
118	-0.4767	0.147	0.853	CBSNews	0.0	Three people have been arrested for allegedly throwing firebombs at a synagogue in the Swedish city of Goteborg, th‚Ä¶ https://t.co/Al3i2zzC0h	19
119	0.34	0.0	0.876	CBSNews	0.124	Scores of Lebanese and Palestinian demonstrators clashed with security forces outside the U.S. Embassy in Beirut ov‚Ä¶ https://t.co/jSqQvPehC1	20
120	0.2023	0.0	0.893	CBSNews	0.107	"Patrick Stewart says he's open to playing Jean-Luc Picard in Tarantino's ""Star Trek"" movie https://t.co/kCbaA9mA5D https://t.co/BCJSkYuVyf"	21
121	0.0	0.0	1.0	CBSNews	0.0	"John Thune says Roy Moore will be under ""ethics cloud"" if elected Tuesday https://t.co/cDTDZnmQXU https://t.co/CvA2O0QCuq"	22
122	0.0	0.0	1.0	CBSNews	0.0	California inducts nation's first all-LGBT city council https://t.co/x5ohmIeBj5 https://t.co/xN5yQoy7Y7	23
123	-0.296	0.222	0.633	CBSNews	0.146	"Anita Hill: ""Huge moment"" against sexual harassment needs to continue https://t.co/xhxm9Tb4Az https://t.co/ypOYm5Ow2e"	24
124	0.0	0.0	1.0	CBSNews	0.0	"Preschool ""twins"" take a stand against discrimination https://t.co/Rl3T5VRctP https://t.co/9xUpWKhAzt"	25
125	0.0	0.0	1.0	CBSNews	0.0	Paralyzed in Las Vegas shooting, one man learns how to navigate life differently https://t.co/G50fswswpZ https://t.co/gbIFBlKdyY	26
126	0.34	0.0	0.806	CBSNews	0.194	Demonstrators, security forces clash outside U.S. Embassy in Beirut https://t.co/NzGZ8YcOto https://t.co/a87dc2MDm5	27
127	0.0	0.0	1.0	CBSNews	0.0	Massive storm system brings record snowfall to the South https://t.co/uS9WzZWknA https://t.co/yjORMBpUd7	28
128	-0.4767	0.279	0.721	CBSNews	0.0	Former Sen. Brian Joyce arrested after federal indictment https://t.co/ECUj1YjFxY	29
129	-0.5423	0.226	0.774	CBSNews	0.0	"Judd Apatow: Sexual harassment revelations will involve ""enormous"" amount of people https://t.co/fxkhL6AEYb https://t.co/4jq82VA4Pc"	30
130	-0.6705	0.29	0.71	CBSNews	0.0	Missouri man allegedly killed toddler who wouldn't put on pajamas https://t.co/jKlDRypTO7 https://t.co/6T1TaLAqGa	31
131	-0.6908	0.299	0.701	CBSNews	0.0	Woman burns down Cincinnati, Ohio, home trying to kill bedbugs https://t.co/xC197hKDzW https://t.co/9dTXITwgO4	32
132	-0.6597	0.286	0.714	CBSNews	0.0	Oklahoma prosecutor declines to charge cop in deaf man's killing https://t.co/VxR4kSFYHo https://t.co/3VZo0wfiUg	33
133	0.0	0.0	1.0	CBSNews	0.0	Why the end may be near for bitcoin, but just maybe https://t.co/yjjJSwVAdO https://t.co/6qHYv7Z0FJ	34
134	-0.6808	0.337	0.663	CBSNews	0.0	California fire damage to homes is less random than it seems https://t.co/4u2GoNsMBt https://t.co/zgPfCms1bW	35
135	0.0	0.0	1.0	CBSNews	0.0	President Trump on Saturday toured and delivered brief remarks at the opening of the Mississippi Civil Rights Museu‚Ä¶ https://t.co/BckA2cQOdD	36
136	0.0	0.0	1.0	CBSNews	0.0	At 21 years old, West Point's Simone Askew is the first African-American woman selected to serve as first captain o‚Ä¶ https://t.co/RfPeYjVcoB	37
137	0.0129	0.0	0.935	CBSNews	0.065	Athletes are turning to pickle juice to prevent cramps, but how does it work? https://t.co/j2zgl85Rkg https://t.co/ZIpKGD8z8R	38
138	0.0	0.0	1.0	CBSNews	0.0	"Shohei Ohtani, ""Japan's Babe Ruth,"" to sign with Los Angeles Angels https://t.co/M5Uiz1E3Nt https://t.co/QUS9dSEHi1"	39
139	0.0	0.0	1.0	CBSNews	0.0	Fewer than half of 41 million recalled Takata air bags have been replaced https://t.co/CDMy6VMjUg https://t.co/c9kN7RVlu9	40
140	0.3085	0.08	0.772	CBSNews	0.149	President Trump didn't invite Democrats in Congress to the White House Hanukkah party, reports say‚Ä¶ https://t.co/A1qymhF64z	41
141	0.0	0.0	1.0	CBSNews	0.0	George Papadopoulos' fianc√©e says he was in contact with Bannon, Flynn during campaign https://t.co/yijuoUSJUB https://t.co/NCT1I3bWcn	42
142	0.6597	0.0	0.565	CBSNews	0.435	How nondisclosure agreements encourage a culture of silence https://t.co/jSTYiPzVEC https://t.co/0KIZ5KMEwv	43
143	0.0258	0.0	0.922	CBSNews	0.078	"Sen. John Thune says Republican National Committee backing Roy Moore is ""unfortunate"" https://t.co/3bSCxLJ3PR https://t.co/r6zHchVL4z"	44
144	-0.5267	0.313	0.522	CBSNews	0.165	Ex-priest guilty of killing Texas beauty queen in 1960 after hearing her confession https://t.co/efHNkEcq91 https://t.co/17p6Femimk	45
145	0.0	0.0	1.0	CBSNews	0.0	Local news anchor responds on-air to email calling her a racial slur https://t.co/wmYBGcBNI9 https://t.co/t5SbhNnvA0	46
146	-0.5106	0.231	0.769	CBSNews	0.0	Fat squirrel steals chocolate, lip balm left for delivery people https://t.co/Tgsua5dUkQ https://t.co/ihfVBoITjZ	47
147	0.3089	0.0	0.861	CBSNews	0.139	"At Pensacola rally, Pres. Trump says country ""can't afford"" to lose a Senate seat https://t.co/ZK6MzNYxWf https://t.co/Yr8Cnk4Uo6"	48
148	0.4215	0.0	0.823	CBSNews	0.177	74-year-old substitute teacher and custodian saved lives in Aztec school shooting, sheriff says‚Ä¶ https://t.co/TmRCxEpVAL	49
149	0.0	0.0	1.0	CBSNews	0.0	Dina Powell, senior Trump adviser, leaving White House early next year https://t.co/SW0VJ2Qwxd https://t.co/ZSQsZVPYvv	50
150	-0.6369	0.318	0.682	CBSNews	0.0	Southern California wildfires still smoldering after hellish week https://t.co/8aqvH698wB https://t.co/oM0AEY4WkO	51
151	0.0	0.0	1.0	CBSNews	0.0	Boston Herald files for bankruptcy and will be sold https://t.co/iFPnr9tz66 https://t.co/hezSfZwLyH	52
152	0.3612	0.0	0.848	CBSNews	0.152	Slovenian magazine apologizes to Melania Trump for suggesting she worked as high-end escort https://t.co/NwcXqZStEN https://t.co/ICxwq6I04E	53
153	-0.5267	0.253	0.747	CBSNews	0.0	Drunk driver didn't realize she had traffic sign stuck in sunroof, police say https://t.co/6ixe5TgMT8 https://t.co/hgPJCmVIOP	54
154	0.0	0.0	1.0	CBSNews	0.0	Arkansas resumes issuing birth certificates after judge halted program https://t.co/lgkCQjRnxn https://t.co/JTlumjlGxb	55
155	-0.6705	0.314	0.686	CBSNews	0.0	Missing New Jersey mom Shanaya Coley was likely abducted, according to authorities https://t.co/WRhO6C6jz6 https://t.co/9j2TPtFVAN	56
156	0.0	0.0	1.0	CBSNews	0.0	Aztec high school gunman posed as student; thumb drive may reveal motive: officials https://t.co/wlnzKuoBoG https://t.co/DrPjP5eVsb	57
157	-0.34	0.156	0.844	CBSNews	0.0	Governor Brown criticizes President Trump for climate change position as California burns https://t.co/W5qgjABl7U https://t.co/WEkLALfOrI	58
158	0.0	0.0	1.0	CBSNews	0.0	Egypt discovers 3,500-year-old tombs in ancient city of Luxor https://t.co/6yfwzV9sO2 https://t.co/POICLgIt89	59
159	-0.6486	0.281	0.719	CBSNews	0.0	1 adult, 2 children dead in apparent murder-suicide in Texas, police say https://t.co/6453WgDBwm https://t.co/nmYeso7DIu	60
160	0.0	0.0	1.0	CBSNews	0.0	Roy Moore accuser says she added notes to his yearbook inscription https://t.co/ZZsT5Dagqo https://t.co/Gr1rkcc6ig	61
161	-0.7269	0.466	0.534	CBSNews	0.0	84-year-old Pennsylvania man fatally shoots suspected burglar https://t.co/INaFzam8lC https://t.co/3uMrA1Ee9t	62
162	-0.6705	0.407	0.593	CBSNews	0.0	Director Bryan Singer accused of sexually assaulting teen https://t.co/ZBzZrp9V1K https://t.co/1hhdCAXdjl	63
163	-0.228	0.148	0.852	CBSNews	0.0	"John Boyega almost missed ""Last Jedi"" premiere due to snow https://t.co/8bRo6cymr5 https://t.co/Vom5tvII8m"	64
164	0.0	0.0	1.0	CBSNews	0.0	Climate change will change how you eat https://t.co/jdqlplmgCL https://t.co/du7XNnOZTh	65
165	0.5574	0.0	0.753	CBSNews	0.247	"J.K. Rowling stands by Johnny Depp's casting in ""Fantastic Beasts"" https://t.co/t9orKk9wQG https://t.co/EDDXlNjX5k"	66
166	-0.7717	0.358	0.642	CBSNews	0.0	2 dead after small plane crashes into San Diego house, fire officials say https://t.co/SpMqoOwMB3 https://t.co/lzxtPJpcyF	67
167	0.0	0.152	0.696	CBSNews	0.152	Prosecutors secure Paul Manafort's edits for op-ed while under house arrest https://t.co/JB1qdn7uIM https://t.co/Y9Vo8aBI0R	68
168	-0.3182	0.204	0.796	CBSNews	0.0	Aztec High School shooting: Police ID student victims https://t.co/9wtIVbHyXQ https://t.co/dp2ejW7FIN	69
169	0.0	0.0	1.0	CBSNews	0.0	Northeast bracing for first major snow storm of the season https://t.co/DLFxD5QQPm	70
170	-0.7841	0.385	0.615	CBSNews	0.0	Todd Kohlhepp, South Carolina serial killer, says he has more victims https://t.co/6b7b8LNxqi https://t.co/UMxxeU6xiD	71
171	0.0	0.0	1.0	CBSNews	0.0	Ed Sheeran breached royal protocol by touching Prince Charles' arm https://t.co/km6QXPFKxg https://t.co/uDT4oMwB8h	72
172	0.5719	0.0	0.619	CBSNews	0.381	Oklahoma's Baker Mayfield wins Heisman https://t.co/C31UTKxgZp https://t.co/1fidRGQHlD	73
173	0.0	0.0	1.0	CBSNews	0.0	Massive storm system brings record snowfall to the South https://t.co/a4E2BMcHO2 https://t.co/uAEBQ9yMtZ	74
174	0.4767	0.0	0.785	CBSNews	0.215	"Top diplomat urged ""time is of the essence"" for solution in North Korea, U.N. says https://t.co/M4q4IgGFpw https://t.co/2z7dDqyVDP"	75
175	-0.4404	0.205	0.702	CBSNews	0.094	Former cop learns verdict in his fatal shooting of man in hotel https://t.co/drb1xycpoh https://t.co/91kJ50Zkyh	76
176	0.0	0.0	1.0	CBSNews	0.0	"Guitar legend recalls first time he heard Otis Redding sing: ""The hairs stood up on my arm"" https://t.co/YOYb9KmUqC https://t.co/KvF7ISWSHM"	77
177	0.0	0.0	1.0	CBSNews	0.0	TV crew overhears Trent Franks discussing plans to establish $2 million PAC https://t.co/EpAjnqLIwz https://t.co/XAp8YcmIba	78
178	0.128	0.126	0.719	CBSNews	0.156	Former President Obama: Protect democracy or risk taking path of Nazi Germany https://t.co/yoGOPg8Y3C https://t.co/iOKURsEJwB	79
179	-0.6808	0.277	0.723	CBSNews	0.0	"""Making a Murderer"" defendant Brendan Dassey's confession stands, federal appeals court says https://t.co/SMTUsZwXcR https://t.co/fCn1ag3g2R"	80
180	0.0	0.0	1.0	CBSNews	0.0	Rocks and firebombs vs. tear gas and rubber bullets in Jerusalem https://t.co/m7758zaPwu https://t.co/MHQ0k0o0yO	81
181	0.5994	0.074	0.613	CBSNews	0.313	"Bonded by friendship, preschool ""twins"" swear they ""share the same soul"" https://t.co/41y01Ts1Xk https://t.co/IPPnW6T6qG"	82
182	0.4019	0.0	0.828	CBSNews	0.172	"""New Alabama vs. old Alabama"": On the ground for the special election https://t.co/UPULNPU44q https://t.co/vyGCPYlwrV"	83
183	0.0	0.0	1.0	CBSNews	0.0	Northeast blanketed by season's first snow https://t.co/RWjnHayCdw https://t.co/0cyLjJG3u2	84
184	-0.8176	0.455	0.545	CBSNews	0.0	Video shows man assaulting deputy before being fatally shot https://t.co/WymOXu2gCu https://t.co/1iKys9R3Pf	85
185	-0.3182	0.155	0.751	CBSNews	0.094	Police in Mesa, Arizona, released disturbing body camera video hours after a former officer was acquitted of a murd‚Ä¶ https://t.co/vKbjVBKSgh	86
186	0.0	0.0	1.0	CBSNews	0.0	SpaceX to resume launches from rebuilt pad https://t.co/KilpT2IpdO https://t.co/vOCXnUynPw	87
187	0.0	0.0	1.0	CBSNews	0.0	In the midst of the many wildfire emergencies that California has faced this year, it can often seem that the way h‚Ä¶ https://t.co/v2SMYg3YLt	88
188	0.0	0.0	1.0	CBSNews	0.0	Ed Sheeran is now a Member of the Order of the British Empire, but he made a royal faux pas during the Investiture‚Ä¶ https://t.co/GiCKh8Z11Q	89
189	0.4019	0.0	0.816	CBSNews	0.184	Trump records robocall for Roy Moore ahead of Alabama special election https://t.co/iTiRx84yeD https://t.co/JCKDNhqu4h	90
190	0.6597	0.0	0.565	CBSNews	0.435	How nondisclosure agreements encourage a culture of silence: https://t.co/odreIx1Nln https://t.co/yf2cKjtuQz	91
191	-0.9042	0.449	0.551	CBSNews	0.0	3 people injured and 10 people left homeless after a woman accidentally started a fire while trying to kill bed bug‚Ä¶ https://t.co/Bgp1XT5kEr	92
192	0.0	0.0	1.0	CBSNews	0.0	Aztec high school gunman posed as student; thumb drive may reveal motive, officials say https://t.co/jVh5PGXtY2 https://t.co/qzG7NOPljO	93
193	0.0	0.0	1.0	CBSNews	0.0	Gov. Scott Walker moves ahead with his plans to make Wisconsin the first state to drug test able-bodied adults appl‚Ä¶ https://t.co/fCS779Yboz	94
194	0.0	0.0	1.0	CBSNews	0.0	Fewer than half of the 41 million recalled Takata air bags have been replaced: https://t.co/yqVEyZDNCw https://t.co/Si4DaR5IDA	95
195	0.0	0.0	1.0	CBSNews	0.0	"Guitar legend Steve Cropper recalls first time he heard Otis Redding sing: ""The hairs stood up on my arm""‚Ä¶ https://t.co/Z3nGvpuWRe"	96
196	-0.3182	0.133	0.867	CBSNews	0.0	The Boston College men's basketball team shocked top-seeded Duke on Saturday at Conte Forum: https://t.co/x3Bq5cVyrA https://t.co/fRC6XsNnZg	97
197	0.4215	0.0	0.872	CBSNews	0.128	Two 3,500-year-old tombs have been discovered in the Egyptian city of Luxor, officials say; the country hopes it wi‚Ä¶ https://t.co/snpJBtCCTR	98
198	0.7906	0.0	0.714	CBSNews	0.286	"""What we need to make clear is the winds are variable. They will continue to be strong and dry well through tomorro‚Ä¶ https://t.co/xhvLgxnKbv"	99
199	0.4404	0.0	0.873	CBSNews	0.127	"""We have to be good stewards of our own neighborhoods and state,"" California Gov. Jerry Brown says on using renewab‚Ä¶ https://t.co/kGCMRQyEK5"	100
200	0.0	0.0	1.0	CNN	0.0	Take a look at this week in politics https://t.co/8ktzXSEPN4 https://t.co/i8OYgFjIPJ	1
201	0.0	0.0	1.0	CNN	0.0	Futures trading is a new step for Bitcoin's wild ride https://t.co/GMHpH5Fw8z https://t.co/TmNf8tzIf8	2
202	-0.5719	0.198	0.802	CNN	0.0	She lost her leg after being hit by a drunk driver. Now she empowers fellow amputees to overcome their physical lim‚Ä¶ https://t.co/dINDZ5JW69	3
203	-0.2023	0.153	0.847	CNN	0.0	Mix-and-match health coverage can be a risky alternative to Obamacare https://t.co/23NHVKbXQW https://t.co/76jyYlu0lj	4
204	-0.4939	0.211	0.789	CNN	0.0	"CORRECTION: Jailed ""King of Spin"" Max Clifford dies in UK hospital https://t.co/mDlPZdNE9K https://t.co/qgHMGBdTP3"	5
205	-0.6705	0.44	0.56	CNN	0.0	Swedish police question suspects after synagogue attack https://t.co/3AlN0ZnOnc https://t.co/5Enu6RVoqw	6
206	0.0	0.0	1.0	CNN	0.0	President Trump has to live with the consequences of his Israel decision, writes Nic Robertson for @CNNOpinion‚Ä¶ https://t.co/QbOk7FJSwi	7
207	0.3412	0.0	0.833	CNN	0.167	Alabama Senate candidate Roy Moore says he has never molested anyone https://t.co/4F7ipmrsLz https://t.co/quVFW9P8gs	8
208	0.0	0.0	1.0	CNN	0.0	"""Time is of the essence,"" UN official says after visit to North Korea https://t.co/kPzalGuqWh https://t.co/KHWyssfkeX"	9
209	-0.4939	0.286	0.714	CNN	0.0	The hidden fear driving the market surge https://t.co/jZVgAGZ7it https://t.co/MADYFBCHZ3	10
210	-0.2263	0.16	0.84	CNN	0.0	Protesters and police clash outside US embassy in Beirut https://t.co/buz5mXWp3F https://t.co/X2JNZ8p3wP	11
211	-0.5719	0.316	0.684	CNN	0.0	Heavy snow brings travel chaos to UK https://t.co/vVRzn8LEVP https://t.co/Mm7FLshDpW	12
212	0.0	0.0	1.0	CNN	0.0	Ski racer Lindsey Vonn injures back and pulls out of a competition in St. Moritz https://t.co/5zVmooeTLI https://t.co/KjveQNCQFs	13
213	-0.6597	0.31	0.69	CNN	0.0	UK foreign minister ends Iran trip with no announcement on jailed woman https://t.co/9wBvAfh8Qr https://t.co/2Wgp4dmdSE	14
214	0.0	0.0	1.0	CNN	0.0	The gold rush for black market fish bladders has pushed this tiny porpoise toward extinction #vaquita‚Ä¶ https://t.co/TQfbYwqPZc	15
215	0.5983	0.0	0.822	CNN	0.178	Voting for CNN Hero of the Year CLOSES Tuesday 12/12 at 11:59pm PT -- VOTE NOW at https://t.co/ANMKKlbytz!‚Ä¶ https://t.co/CuFQv7zB4U	16
216	0.0	0.0	1.0	CNN	0.0	Here's your ski resort guide to St. Moritz, Switzerland https://t.co/9NcNA31QQ1 https://t.co/57kMyQRIOa	17
217	0.0	0.0	1.0	CNN	0.0	"""King of Spin"" Max Clifford dies in UK jail https://t.co/mDlPZdNE9K https://t.co/XodLjZtMLQ"	18
218	0.0	0.0	1.0	CNN	0.0	"Alabama Sen. Richard Shelby says he ""couldn't vote for Roy Moore"" https://t.co/3T8Xq0vCXe https://t.co/mIZijkBue1"	19
219	0.6581	0.0	0.695	CNN	0.305	What a shot! The most amazing sports photos of 2017 https://t.co/bhSvDBYijR https://t.co/P8fBoXNPf2	20
220	0.5096	0.0	0.845	CNN	0.155	"UN Chief Ant√≥nio Guterres: ""It's essential to understand that refugees are not terrorists. They are the first victi‚Ä¶ https://t.co/x5MU0FygNd"	21
221	-0.296	0.104	0.896	CNN	0.0	Pressure is mounting on Congress to act before year‚Äôs end on Deferred Action for Childhood Arrivals. What they deci‚Ä¶ https://t.co/AwRUbU4BJb	22
222	0.2716	0.0	0.896	CNN	0.104	"""It is very important for the world...that the US engages,"" UN Chief Antonio Guterres tells @FareedZakaria during a‚Ä¶ https://t.co/FDF9ehtiri"	23
223	0.4215	0.066	0.789	CNN	0.145	"The Honest Company founder Jessica Alba tells @PoppyHarlowCNN that ""it‚Äôs tough when you‚Äôre the only woman in the ro‚Ä¶ https://t.co/14mpfoLC3A"	24
224	-0.5267	0.167	0.833	CNN	0.0	"""This is kind of the new normal,"" says California Gov. Jerry Brown, after a week of raging wildfires‚Ä¶ https://t.co/Sk6Yh2IffQ"	25
225	-0.5719	0.198	0.802	CNN	0.0	She lost her leg after being hit by a drunk driver. Now she empowers fellow amputees to overcome their physical lim‚Ä¶ https://t.co/EVxCuS4uQY	26
226	-0.128	0.086	0.914	CNN	0.0	A group of precocious kids had some tough questions for Santa Claus on @nbcsnl last night https://t.co/M70oxgiqRJ https://t.co/zDbbuNDoUT	27
227	0.647	0.067	0.669	CNN	0.264	Rep. Adam Schiff on Russian outreach to Hope Hicks: ‚ÄúIt‚Äôs not at all a surprise that they would make outreach to pe‚Ä¶ https://t.co/MwQM9RE14r	28
228	0.0	0.0	1.0	CNN	0.0	Instagram is testing a standalone messaging app called Direct https://t.co/0B9ky2jDio https://t.co/EIP9KH2gmO	29
229	0.4215	0.0	0.865	CNN	0.135	"US Ambassador to the United Nations Nikki Haley: ""Jerusalem is the capital of Israel...whatever is East Jerusalem o‚Ä¶ https://t.co/hnnw3xaf3q"	30
230	0.1531	0.1	0.773	CNN	0.127	US Ambassador to the United Nations Nikki Haley: ‚ÄúI have no concern‚Äù that President Trump‚Äôs Jerusalem decision will‚Ä¶ https://t.co/ZHep68YyhL	31
231	0.4215	0.0	0.877	CNN	0.123	"US Ambassador to the United Nations Nikki Haley says moving the capital of Israel to Jerusalem will ""move the ball‚Ä¶ https://t.co/DbDpLD6McJ"	32
232	0.0	0.0	1.0	CNN	0.0	"Republican Alabama Sen. Richard Shelby says there's ""something for just about everybody"" in the GOP tax bill‚Ä¶ https://t.co/hy29AebKKk"	33
233	0.0772	0.0	0.936	CNN	0.064	‚ÄúI want to reiterate again: I didn‚Äôt vote for Roy Moore, I wouldn‚Äôt vote for Roy Moore, I think the Republican Part‚Ä¶ https://t.co/2R9DV9eqAo	34
234	-0.296	0.109	0.891	CNN	0.0	Republican Alabama Sen. Richard Shelby on Roy Moore‚Äôs accusers: ‚ÄúI think the women are believable, I have no reason‚Ä¶ https://t.co/cVbHjeOmTy	35
235	0.0	0.0	1.0	CNN	0.0	Republican Alabama Sen. Richard Shelby: ‚ÄúI couldn‚Äôt vote for Roy Moore, I didn‚Äôt vote for Roy Moore, I wrote in a d‚Ä¶ https://t.co/Q40njVbgsQ	36
236	0.3818	0.0	0.833	CNN	0.167	"An Iranian-Turkish gold trader admitted in a US court that he made ""maybe $150 million"" by helping Iran dodge inter‚Ä¶ https://t.co/yg1Kck4Zxt"	37
237	-0.6597	0.188	0.812	CNN	0.0	The rise of a ‚Äòfish mafia‚Äô in this small Mexican town is killing off an entire population of small porpoises.‚Ä¶ https://t.co/AmToMyq64y	38
238	0.0	0.0	1.0	CNN	0.0	We all tend to change our voices when talking to babies, but those changes can also vary across cultures. Here's ho‚Ä¶ https://t.co/knCYMFE4kH	39
239	-0.0253	0.131	0.742	CNN	0.127	"‚ÄúWe're not looking for perfection, we're just looking for better than yesterday."" After rehab changed his life, Aar‚Ä¶ https://t.co/5HRacrBX3M"	40
240	-0.3182	0.211	0.675	CNN	0.114	"Four questions the November jobs report will help to answer:

- How low can unemployment go?

- Any remaining hurri‚Ä¶ https://t.co/3mVntmTOA4"	41
241	0.0516	0.0	0.93	CNN	0.07	Dramatic footage from @sarasidnerCNN shows one of the Southern California wildfires has jumped over a freeway while‚Ä¶ https://t.co/DFuXTPkuja	42
242	-0.4939	0.151	0.849	CNN	0.0	New imaging finds crescent-shaped eye damage in a woman who tried to view the total solar eclipse in August‚Ä¶ https://t.co/SdkIu6dPPF	43
243	0.5574	0.0	0.847	CNN	0.153	The stock market has seen a record-breaking ascent this year. But who is actually making money off the boom? Rich p‚Ä¶ https://t.co/CJ8V8KtDJb	44
244	0.4588	0.103	0.675	CNN	0.222	Flu season is gaining speed in the United States, especially in the South, after getting off to a slow start‚Ä¶ https://t.co/nFotP1jG5X	45
245	0.0	0.0	1.0	CNN	0.0	The gold rush for black market fish bladders has pushed this tiny porpoise toward extinction #vaquita‚Ä¶ https://t.co/5Wn1UGNZuC	46
246	0.1027	0.12	0.744	CNN	0.136	US jobs continued their strong run in November as employers added 228,000 jobs and the unemployment rate remained a‚Ä¶ https://t.co/NYSqgRvB0s	47
247	0.3612	0.0	0.884	CNN	0.116	"""Horse people are a community... Leaving one behind is like leaving a child behind ... you just can't do it.""

Hors‚Ä¶ https://t.co/6Y888FVc4X"	48
248	-0.296	0.121	0.879	CNN	0.0	How states that carried Trump to victory avoid one sticky part of the tax bill https://t.co/WJ7mEeH7TA https://t.co/NYXJI8onFY	49
249	0.0	0.0	1.0	CNN	0.0	State Department officials defended President Trump's recognition of Jerusalem as Israel's capital, saying it refle‚Ä¶ https://t.co/MfvgXGJ45B	50
250	0.0	0.0	1.0	CNN	0.0	A woman who made it through a wildfire in Southern California turned her home into a donation site for victims‚Ä¶ https://t.co/psGRaWVtke	51
251	-0.6124	0.278	0.722	CNN	0.0	Hispanic unemployment in the US is at an all-time low under President Trump https://t.co/pp37gMuqQR https://t.co/W0DQM5JLSY	52
252	0.0	0.0	1.0	CNN	0.0	"""My life depends on it. I need you to make your vote match your principles, Senator."" A man who says he was recentl‚Ä¶ https://t.co/i8HgQFVMXl"	53
253	-0.5423	0.259	0.741	CNN	0.0	Facebook has made its internal sexual harassment policy public https://t.co/Mnhn3IkTo9 https://t.co/mb3KpYAhZa	54
254	0.0	0.0	1.0	CNN	0.0	A @CNNMoney reporter bought $250 in bitcoin. Here's what he learned https://t.co/AXbsPWYfWQ https://t.co/OF973bs3zG	55
255	0.2732	0.0	0.905	CNN	0.095	References to climate change and the EPA's use of renewable energy have been removed from several of its web pages,‚Ä¶ https://t.co/f4IiBEOLx2	56
256	-0.3626	0.152	0.848	CNN	0.0	"The critically acclaimed drama ""Big Little Lies"" is officially coming back for another season‚Ä¶ https://t.co/WmE6oKMtVQ"	57
257	-0.6597	0.188	0.812	CNN	0.0	The rise of a ‚Äòfish mafia‚Äô in this small Mexican town is killing off an entire population of small porpoises.‚Ä¶ https://t.co/RE2Aj4GJtB	58
258	-0.2732	0.165	0.717	CNN	0.118	The official death toll in Puerto Rico from Hurricane Maria rises to 64, public safety agency says. Investigations‚Ä¶ https://t.co/IM9AcX6okY	59
259	0.0	0.0	1.0	CNN	0.0	The European Union has blacklisted 17 countries and territories as part of a crackdown on tax havens‚Ä¶ https://t.co/hJGEYT8o0v	60
260	0.0	0.0	1.0	CNN	0.0	‚ÄúIt‚Äôs more than a cup of coffee, it‚Äôs a human rights movement‚Äù says Amy Wright, who founded @bittyandbeauscoffee em‚Ä¶ https://t.co/PswOGnrE1K	61
261	0.0	0.0	1.0	CNN	0.0	Obama is right ‚Äî US democracy is fragile, writes Ruth Ben-Ghiat https://t.co/3HT3bbHVu6 (via @CNNOpinion) https://t.co/QNX9n7aDvC	62
262	0.0	0.0	1.0	CNN	0.0	"For the first time in American politics, anonymous ""dark money"" political donations could become tax-deductible‚Ä¶ https://t.co/8vx7gDtlKu"	63
263	0.836	0.0	0.639	CNN	0.361	University of Oklahoma quarterback Baker Mayfield wins the Heisman Trophy, as college football's best player‚Ä¶ https://t.co/e9BpQH8fDi	64
264	-0.4026	0.169	0.732	CNN	0.099	Bitcoin's phenomenal rise this year may be making speculators very rich, but some observers say it's terrible for t‚Ä¶ https://t.co/RJ1TEaPxQR	65
265	0.128	0.091	0.788	CNN	0.121	Black market demand for fish bladders created the Wild West at sea #vaquita https://t.co/gisBTmEWJM https://t.co/zdRvSXSoaF	66
266	-0.6113	0.25	0.75	CNN	0.0	7 images that show why the Southern California wildfires are so dangerous https://t.co/L1J7JTqkoc https://t.co/oxPbXQkz59	67
267	-0.3818	0.147	0.784	CNN	0.069	Larry Nassar, the former USA Gymnastics doctor who admitted to sexually abusing underage girls, has been sentenced‚Ä¶ https://t.co/ybnYj5BEKU	68
268	0.2263	0.0	0.905	CNN	0.095	President Trump will undergo a physical examination early next year and allow doctors to release details of his med‚Ä¶ https://t.co/ZB8W7Kmh7F	69
269	-0.4215	0.128	0.872	CNN	0.0	Singapore Airlines changed a flight route between Asia and the US earlier this year because of fears over North Kor‚Ä¶ https://t.co/JQ4OcaqMJr	70
270	-0.6705	0.191	0.809	CNN	0.0	He was shot and killed by Chicago police in 2014. But that‚Äôs just the beginning of this story. #BeneathTheSkin‚Ä¶ https://t.co/w7OAWo1MAK	71
271	-0.5994	0.197	0.803	CNN	0.0	To combat drug use, this gas station is installing blue lighting that makes it difficult for addicts to see their v‚Ä¶ https://t.co/9hDGEOd0kl	72
272	-0.296	0.115	0.885	CNN	0.0	The US Air Force is developing a weapon that could potentially be used to disable North Korean missiles‚Ä¶ https://t.co/lFN7EsA7rd	73
273	0.0	0.0	1.0	CNN	0.0	A man walking his dog on a British Columbia beach found a foot in a shoe, along with part of a leg. It's the 13th f‚Ä¶ https://t.co/JCo4e9vIV2	74
274	-0.34	0.124	0.876	CNN	0.0	‚ÄúSamir Lakhani was a college student when he started his nonprofit @ecosoapbank taking discarded soap from hotels a‚Ä¶ https://t.co/EXCOg1AGC0	75
275	0.0	0.0	1.0	CNN	0.0	RT @cnnbrk: Several people threw burning objects at a synagogue in Gothenburg, Sweden, late Saturday, police said. The incident is under in‚Ä¶	76
276	-0.4391	0.145	0.855	CNN	0.0	"From movie star to entrepreneur ‚Äì Jessica Alba tells @PoppyHarlowCNN that she ""was always very uncomfortable with t‚Ä¶ https://t.co/JPAuZnk1uB"	77
277	0.0	0.0	1.0	CNN	0.0	President Trump has recorded a robocall for Alabama Senate candidate Roy Moore https://t.co/iA6SuCAJja https://t.co/j9wAe4M9kU	78
278	-0.34	0.255	0.745	CNN	0.0	A warning about bitcoin's wild price swings https://t.co/lKHhSYmbE5 https://t.co/NDe6Z1JyWS	79
279	-0.4939	0.198	0.802	CNN	0.0	A black market for fish bladders in China destroyed a porpoise in Mexico #vaquita https://t.co/sHCT2utmU7 https://t.co/oGsNX2yK8T	80
280	0.0	0.0	1.0	CNN	0.0	Interior Secretary Ryan Zinke calls reports on helicopter use a 'wild departure from reality'‚Ä¶ https://t.co/0GSHDxzxjZ	81
281	0.2023	0.0	0.886	CNN	0.114	Democratic lawmakers have asked the Treasury Department for documents on financial dealings with Russia‚Ä¶ https://t.co/zENswx0h7Z	82
282	-0.765	0.485	0.515	CNN	0.0	Uber moves to settle rape victim's lawsuit https://t.co/kUaz3tk8DA https://t.co/dk7CXJgpyf	83
283	0.0	0.0	1.0	CNN	0.0	These are the most eye-catching photos from 2017 https://t.co/Zu9dJD8yMz https://t.co/08tf7wW6hf	84
284	0.0	0.0	1.0	CNN	0.0	How much is the GOP willing to sacrifice for a Senate seat? https://t.co/v30F2fdSTQ (via @CNNOpinion) https://t.co/ird0EQXlj8	85
285	0.296	0.0	0.896	CNN	0.104	On the surface, these two students share a lot of similarities. But one big thing sets them apart: their citizenshi‚Ä¶ https://t.co/fHKxZsy1ns	86
286	0.0	0.0	1.0	CNN	0.0	3-D printing braces up sea turtle with gap in its shell https://t.co/N8aEtUGoLx https://t.co/y8ayTfqGTo	87
287	-0.6705	0.191	0.809	CNN	0.0	He was shot and killed by Chicago police in 2014. But that‚Äôs just the beginning of this story. #BeneathTheSkin‚Ä¶ https://t.co/YMtSoWI9Te	88
288	0.7579	0.0	0.667	CNN	0.333	‚ÄúEveryone pretty much thought I was nuts.‚Äù - Jessica Alba on founding The Honest Company https://t.co/BNOiYb2oOg‚Ä¶ https://t.co/rHYVH6CbMz	89
289	0.0	0.0	1.0	CNN	0.0	Renowned appeals court judge facing claims of inappropriate sexual conduct https://t.co/7WqfbNnU4K https://t.co/plPS2ki3Jc	90
290	0.3818	0.0	0.852	CNN	0.148	The Mexican government closed the ocean for business to protect this dying mammal #vaquita https://t.co/pMvYj3ETkL https://t.co/tWKIGM87H3	91
291	-0.85	0.347	0.565	CNN	0.088	Leslie Morissette's son died of leukemia at the age of 8 but she channeled her grief into helping other sick kids t‚Ä¶ https://t.co/WbjNycA7cr	92
292	-0.3612	0.2	0.8	CNN	0.0	President Trump escalates 'rigged system' rhetoric amid Russia probe https://t.co/at1nudYImF https://t.co/SXBiDXB9pN	93
293	-0.2023	0.13	0.87	CNN	0.0	President Trump stays on message during controversial civil rights museum visit https://t.co/esLUunzXoz https://t.co/hghQlmqTKG	94
294	-0.3818	0.167	0.833	CNN	0.0	It's not just spraying water. This is how the pros fight wildfires. https://t.co/lbBPmQM54O https://t.co/5iRuS71rVc	95
295	0.0	0.0	1.0	CNN	0.0	A snowstorm in the US has marched north after blanketing much of the Southeast https://t.co/3PEBTx2vYZ https://t.co/oTAZCFR2xI	96
296	0.0	0.0	1.0	CNN	0.0	President Trump's 41 most eye-popping lines from his speech at a Roy Moore rally in Florida https://t.co/PDADngkh62‚Ä¶ https://t.co/WLN8QKy08I	97
297	0.0	0.0	1.0	CNN	0.0	This is what University of Alabama football coach Nick Saban could do about Senate candidate Roy Moore‚Ä¶ https://t.co/uqswT0T1xY	98
298	0.0	0.0	1.0	CNN	0.0	Obama is right ‚Äî US democracy is fragile, writes Ruth Ben-Ghiat https://t.co/NqQxYWoYWc (via @CNNOpinion) https://t.co/VRUpXzu5PQ	99
299	0.0	0.0	1.0	CNN	0.0	President Trump speaks at the opening of the Mississippi Civil Rights Museum. Some civil rights and community leade‚Ä¶ https://t.co/hGZL3wOiZZ	100
300	0.5267	0.0	0.848	FoxNews	0.152	".@JudgeJeanine: ""There is a cleansing needed in our FBI and Department of Justice. It needs to be cleansed of indiv‚Ä¶ https://t.co/EQixmUybUe"	1
301	0.4019	0.0	0.816	FoxNews	0.184	Comstock opposes GOP support for Moore, suggests he'll face Hill ethics probe https://t.co/uxLqnZwwNt	2
302	0.3612	0.0	0.839	FoxNews	0.161	.@NancyPelosi suggests @POTUS early days in office like neophyte performing 'brain surgery' https://t.co/WLfeOGxAOs https://t.co/UIfS8LqtL2	3
303	0.0	0.0	1.0	FoxNews	0.0	WATCH Part 2 of @nikkihaley's interview about @POTUS' Jerusalem decision and North Korea sanctions on‚Ä¶ https://t.co/vxHSb2PmTk	4
304	-0.296	0.099	0.901	FoxNews	0.0	".@SheriffClarke: ""If it weren't for the Republicans in Congress in the 1960s, there would be no Civil Rights Act. T‚Ä¶ https://t.co/oh6PowT7Nn"	5
305	-0.4019	0.144	0.856	FoxNews	0.0	On @ffweekend, @SheriffClarke slammed Rep. John Lewis for boycotting @POTUS's appearance at a Civil Rights museum i‚Ä¶ https://t.co/rzkhptkwKc	6
306	0.0	0.0	1.0	FoxNews	0.0	WATCH Part 1 of @nikkihaley's interview about @POTUS' Jerusalem decision and North Korea sanctions on‚Ä¶ https://t.co/4ywwlcXajG	7
307	0.0	0.0	1.0	FoxNews	0.0	TONIGHT: Brian @Kilmeade Goes Inside the Life and Legacy of Andrew Jackson - Tune in at 8p &amp; 11p ET on Fox News Cha‚Ä¶ https://t.co/MVXkKU7bA0	8
308	-0.2732	0.244	0.593	FoxNews	0.163	"Swiss woman angry over champagne refusal ejected from plane 

https://t.co/DsVESiiYWO"	9
309	0.0516	0.088	0.816	FoxNews	0.095	"RT @EricShawnTV: I anchor @FoxNews at 4 &amp; 6 pm ET: ""If North Korea even attempts to try and threaten the United States or any one of our al‚Ä¶"	10
310	0.7717	0.0	0.539	FoxNews	0.461	Moments ago, @FLOTUS called for charitable giving as the holidays approach. https://t.co/bMqn6mBKMs	11
311	-0.3384	0.107	0.893	FoxNews	0.0	".@nikkihaley on North Korea sanctions: ""The last time [China] completely cut off the oil, North Korea came to the t‚Ä¶ https://t.co/KddIYS43iP"	12
312	-0.7869	0.318	0.682	FoxNews	0.0	".@nikkihaley on Jerusalem decision: ""When you bully Israel, you are not helping the peace process. We see Israel as‚Ä¶ https://t.co/pxZtiiahOq"	13
313	-0.8074	0.422	0.578	FoxNews	0.0	"California wildfires kill at least 1 as high winds threaten more outbreaks 

https://t.co/9rLHJ0OZFP"	14
314	0.4939	0.0	0.738	FoxNews	0.262	On @ffweekend, @Varneyco praised @POTUS's handling of the economy. https://t.co/0QufAxXL4E	15
315	0.7003	0.0	0.707	FoxNews	0.293	".@nikkihaley on Jerusalem decision: ""We will respect anything that the two parties come together on.""‚Ä¶ https://t.co/K5Mpz3e8nh"	16
316	0.2732	0.0	0.877	FoxNews	0.123	".@nikkihaley on Jerusalem decision: ""[@POTUS] strongly believes that those final statuses should be decided between‚Ä¶ https://t.co/Ib5Hi7UCF1"	17
317	0.0	0.0	1.0	FoxNews	0.0	".@nikkihaley on Jerusalem decision: ""We didn't set any parameters, we didn't say this was the final status, what we‚Ä¶ https://t.co/Iwdk8B9tvQ"	18
318	-0.7269	0.217	0.783	FoxNews	0.0	RT @EricShawnTV: I anchor @FoxNews at 4 &amp; 6 pm ET: ISIS is defeated in Iraq. Can it last, and will we ultimately defeat the jihad philosoph‚Ä¶	19
319	0.6124	0.0	0.762	FoxNews	0.238	".@nikkihaley on backlash of Jerusalem decision: ""Leaders understand that courage is important. We don't do things j‚Ä¶ https://t.co/rhZrTA76NQ"	20
320	0.0	0.0	1.0	FoxNews	0.0	".@nikkihaley on @POTUS' Jerusalem decision: ""The U.S. has always had it's embassy in the capital city and so Israel‚Ä¶ https://t.co/rJ1OLyQAMd"	21
321	0.0	0.0	1.0	FoxNews	0.0	At his rally Friday in Florida, @POTUS reiterated his hard-line stance on immigration. https://t.co/23mOEFXJ7a https://t.co/KUwWhi4QFG	22
322	0.5388	0.111	0.632	FoxNews	0.257	".@HeyTammyBruce: ""The Republican Party does not have a really good track record on winning, they don‚Äôt have a reall‚Ä¶ https://t.co/kg1UAYkZjJ"	23
323	0.0	0.0	1.0	FoxNews	0.0	On @ffweekend, Mike Eruzione, captain of the 1980 US Men's Olympic Hockey team, gave his take on whether athletes s‚Ä¶ https://t.co/o3VImAYcWa	24
324	0.0	0.0	1.0	FoxNews	0.0	On @ffweekend, @LawrenceBJones3 slammed those claiming that @POTUS and his campaign colluded with Russia. https://t.co/ouaMEfWl5F	25
325	0.0	0.0	1.0	FoxNews	0.0	".@PeterRoskam: ""We've got to figure out how to give more middle income tax relief."" https://t.co/0DKmHTLoHe"	26
326	0.0	0.0	1.0	FoxNews	0.0	TONIGHT: Brian @Kilmeade Goes Inside the Life and Legacy of Andrew Jackson - Tune in at 8p &amp; 11p ET on Fox News Cha‚Ä¶ https://t.co/bLxYx2BMk8	27
327	0.3612	0.0	0.706	FoxNews	0.294	Do you agree with @JudgeJeanine? https://t.co/gllDDJFkna https://t.co/ZTS5lXkiZ3	28
328	0.34	0.0	0.821	FoxNews	0.179	Hillary Clinton portrait alerts security dogs, causes road closures in Miami https://t.co/crgFOpuz1m	29
329	-0.7351	0.237	0.763	FoxNews	0.0	"""[Medgar Evers] fought in Normandy in the 2nd World War, and when he came back home to Mississippi he kept fighting‚Ä¶ https://t.co/vzgXzE8nlC"	30
330	-0.6249	0.313	0.687	FoxNews	0.0	.@RepPeteKing: Worst Thing @POTUS Could Do Is Remove Mueller https://t.co/PkH1lj73CG	31
331	-0.1531	0.082	0.918	FoxNews	0.0	".@MariaBartiromo: ""What do you do about a politicization of the @FBI?""

Former AG Mukasey: ""You expose it and stop‚Ä¶ https://t.co/SmXClYD5q1"	32
332	-0.2732	0.244	0.593	FoxNews	0.163	Swiss woman angry over champagne refusal ejected from plane https://t.co/DsVESiiYWO	33
333	-0.8074	0.422	0.578	FoxNews	0.0	"California wildfires kill at least 1 as high winds threaten more outbreaks 

https://t.co/9rLHJ0OZFP"	34
334	-0.3818	0.147	0.776	FoxNews	0.078	RT @EricShawnTV: A top #UN official goes to North Korea. Will the visit help...or hurt? Here's @AmbJohnBolton @FoxNews with me: https://t.c‚Ä¶	35
335	0.296	0.0	0.784	FoxNews	0.216	News Alert: Roy Moore campaign releases @POTUS robocall. https://t.co/qOHk1nyEST	36
336	-0.8442	0.394	0.606	FoxNews	0.0	Post reporter Trump wants fired for 'bad tweet' resigned from paper in 2010 after similar incident https://t.co/PrZOcoisFn	37
337	0.4939	0.0	0.738	FoxNews	0.262	On @ffweekend, @Varneyco praised @POTUS's handling of the economy. https://t.co/GhimqtVYBZ	38
338	0.3818	0.0	0.86	FoxNews	0.14	On @WattersWorld, @PressSec Sarah Sanders slammed former President @BarackObama for taking credit for the economy u‚Ä¶ https://t.co/fYNHug8kf5	39
339	-0.128	0.203	0.629	FoxNews	0.168	Watch: Palestinian stabs Israeli security guard in Jerusalem https://t.co/ker49EDaoa #FoxNewsWorld https://t.co/yVFS9DLhWW	40
340	0.0	0.0	1.0	FoxNews	0.0	Three members of the San Francisco @49ers kneel during the national anthem before their game against the‚Ä¶ https://t.co/QZorKyM2jj	41
341	0.5267	0.0	0.812	FoxNews	0.188	"@GOPLeader: ""I have never watched a President so engaged... He wants to keep his promise to create more jobs and ma‚Ä¶ https://t.co/1JcTSYIigS"	42
342	-0.9231	0.451	0.549	FoxNews	0.0	Israel is 'terrorist state' that 'kills children,' Turkish president says, as violence flares in Lebanon after Trum‚Ä¶ https://t.co/XfuD9pQOgy	43
343	0.0	0.0	1.0	FoxNews	0.0	Firefighters dealing with major new flare up of wildfires in Southern California; @WillCarrFNC reports. https://t.co/oh5SGMNpeN	44
344	0.6808	0.0	0.752	FoxNews	0.248	"Mike Eruzione, 1980 U.S. Men's Hockey Captain: ""[@POTUS] is somebody that you should respect. Whether you agree or‚Ä¶ https://t.co/SDek2A5HaB"	45
345	0.4767	0.0	0.829	FoxNews	0.171	"On ""FOX &amp; Friends Weekend,"" Deneen Borelli slammed the divisive politics of the left. https://t.co/uHWE6fZ3hk https://t.co/weoQ3smSch"	46
346	0.0	0.0	1.0	FoxNews	0.0	On Twitter, President @realDonaldTrump slammed sanctuary city policies, directly invoking those Americans who have‚Ä¶ https://t.co/hTif1a73yd	47
347	-0.5106	0.268	0.732	FoxNews	0.0	Chelsea Handler retweet of Sarah Sanders parody sparks outrage https://t.co/3SemuqI9Dp	48
348	0.0	0.0	1.0	FoxNews	0.0	Presidents @BillClinton, George W. Bush, and @BarackObama all declared Jerusalem the capital of Israel. https://t.co/gLsfjiI7Vn	49
349	0.6369	0.0	0.826	FoxNews	0.174	"In his speech at the opening of the Mississippi Civil Rights Museum, @POTUS called for ""a future of freedom, equali‚Ä¶ https://t.co/BXYHuR4dV2"	50
350	0.3182	0.182	0.594	FoxNews	0.224	".@Varneyco: ""1. We've got the best growth rate in a decade. 2. We have the lowest unemployment in 17 years. 3. Yest‚Ä¶ https://t.co/LrcoNBhxGs"	51
351	0.3612	0.0	0.889	FoxNews	0.111	Catholic priest tells black family he was 'blinded by hate,' apologizes for burning cross 40 years ago on their lawn https://t.co/Iz7ZieZxjD	52
352	0.3612	0.0	0.828	FoxNews	0.172	On @WattersWorld, @PressSec gave her take on anti-@POTUS athletes like Lindsey Vonn. https://t.co/OoqT2BNQmT	53
353	-0.3182	0.248	0.588	FoxNews	0.163	Armie Hammer apologizes for comments about Casey Affleck, sexual assault https://t.co/j7enLemgu3	54
354	-0.8555	0.457	0.543	FoxNews	0.0	Teacher brutally murdered while moonlighting at Hawaii vacation home, police say https://t.co/aFoxQ2Upuy	55
355	0.0	0.0	1.0	FoxNews	0.0	".@FordhamNYC College Republicans Kicked Out of Campus Coffee Shop Because...
https://t.co/nu7z9scKTb"	56
356	-0.34	0.179	0.821	FoxNews	0.0	'@NancyPelosi Is a Stooge': @David_Bossie Reacts After House Minority Leader Criticizes @POTUS https://t.co/mIR88peLdE	57
357	0.0	0.0	1.0	FoxNews	0.0	#ALSen Poll Average: Moore leads Jones 49.1% to 45.3%. https://t.co/ljlDTNVNVK	58
358	0.0	0.0	1.0	FoxNews	0.0	Dow milestones. https://t.co/4Ml4RoX4ML	59
359	-0.6908	0.281	0.719	FoxNews	0.0	MS-13 foiled in attempt to kidnap, kill teen boy on Long Island https://t.co/8pGT2yEn6W	60
360	0.0	0.0	1.0	FoxNews	0.0	TONIGHT: Brian @Kilmeade Goes Inside the Life and Legacy of Andrew Jackson - Tune in at 8p &amp; 11p ET on Fox News Cha‚Ä¶ https://t.co/viEuzHz7SB	61
361	-0.4023	0.119	0.881	FoxNews	0.0	".@DiamondandSilk: ""We don't trust the media. We know that they're trying to feed us a narrative so that they can wi‚Ä¶ https://t.co/hQElcKLzEk"	62
362	0.0	0.0	1.0	FoxNews	0.0	TONIGHT on @NextRevFNC, @SteveHiltonx talks to @TomiLahren - Tune in at 9p ET on Fox News Channel! https://t.co/frMeFsFfGZ	63
363	0.5267	0.0	0.848	FoxNews	0.152	".@JudgeJeanine: ""There is a cleansing needed in our FBI and Department of Justice. It needs to be cleansed of indiv‚Ä¶ https://t.co/GG77wEoFyO"	64
364	0.4019	0.0	0.856	FoxNews	0.144	"On ""Sunday Morning Futures,"" @RepPeteKing pushed back on those claiming @DonaldJTrumpJr engaged in collusion with R‚Ä¶ https://t.co/C9R03raBk1"	65
365	0.0	0.0	1.0	FoxNews	0.0	".@GovMikeHuckabee: ""[The mainstream media is] delegitimizing the institution of journalism."" https://t.co/7XVBbEroqX"	66
366	0.5859	0.0	0.743	FoxNews	0.257	".@MichelleMalkin on #AlSen: ""Roy Moore is going to win that election."" https://t.co/NVbLQeTYfJ"	67
367	-0.4754	0.192	0.735	FoxNews	0.073	";.@TroyWerden: ""@UCBerkeley is the number one most dangerous campus for conservative students to attend."" https://t.co/hv3UEJKZDh"	68
368	-0.1566	0.165	0.653	FoxNews	0.182	".@MZHemingway: ""It's really important to hold sexual harassers accountable. It's also important that we don't go ov‚Ä¶ https://t.co/Dir1wsre6d"	69
369	0.5106	0.0	0.732	FoxNews	0.268	High School Conservatives Sue School District Over Free Speech https://t.co/mU6y9warLK	70
370	-0.7096	0.396	0.604	FoxNews	0.0	Lindsey Vonn suffers back injury in World Cup race https://t.co/oiw2dgyoL6 https://t.co/j0zk54mTEM	71
371	-0.0772	0.213	0.584	FoxNews	0.203	.@toddstarnes: Liberals attack doughnut shop's good deed -- What in the sweet name of Santa Claus is wrong with the‚Ä¶ https://t.co/wI55FC4yo8	72
372	-0.7096	0.424	0.576	FoxNews	0.0	Lindsey Vonn suffers back injury in World Cup race https://t.co/3Rl7D7NO0R	73
373	0.5267	0.0	0.825	FoxNews	0.175	".@JesseBWatters: ""The @FBI, the Department of Justice, and Robert Mueller's crew investigating the Trump campaign h‚Ä¶ https://t.co/I22tREZtAP"	74
374	0.743	0.0	0.73	FoxNews	0.27	".@CLewandowski_: ""This is what America loves - [@POTUS] is bold, he is brash, and he is getting things done."" https://t.co/MulBv8bdM3"	75
375	0.0	0.0	1.0	FoxNews	0.0	RT @EricShawnTV: I anchor at 12 Noon ET @FoxNews: Reports say there could be up to 30 more members of #Congress implicated in sexual harass‚Ä¶	76
376	0.0	0.0	1.0	FoxNews	0.0	".@GovMikeHuckabee: ""[@ChelseaHandler's] called a late night host. I think it's so late now that she's not on anymor‚Ä¶ https://t.co/DGJJEh0NOB"	77
377	-0.5106	0.381	0.619	FoxNews	0.0	Kim Jong Un's bizarre North Korea propaganda photos https://t.co/AOIIIC37BW	78
378	0.0772	0.0	0.92	FoxNews	0.08	".@HeyTammyBruce: ""Since [@POTUS] was elected, 2.2 million jobs were created... We want that to continue."" https://t.co/lXenBdiS6X"	79
379	0.0	0.0	1.0	FoxNews	0.0	".@CLewandowski_: ""@alfranken was groping women while they were asleep. He thought it was a game."" #MediaBuzz https://t.co/OSJjVVQMK4"	80
380	-0.4588	0.176	0.824	FoxNews	0.0	On @ffweekend, @GovMikeHuckabee responded to @ChelseaHandler, who tweeted a vulgar video that mocks @PressSec's wei‚Ä¶ https://t.co/MqWhQpH1CV	81
381	0.5994	0.0	0.786	FoxNews	0.214	".@PressSec: ""It's laughable that President Obama thinks he has anything to do with the success of where the economy‚Ä¶ https://t.co/6eLWeUczNC"	82
382	0.0	0.0	1.0	FoxNews	0.0	".@PeterRoskam: ""We've got to figure out how to give more middle income tax relief."" #SundayFutures @MariaBartiromo https://t.co/5adGBAmF39"	83
383	0.5267	0.0	0.779	FoxNews	0.221	".@EdRollins on #ALSen: ""I think Moore ends up winning it."" #SundayFutures @MariaBartiromo https://t.co/dhmHHIPSJF"	84
384	0.0	0.0	1.0	FoxNews	0.0	".@RepPeteKing: ""I was at the interview with @DonaldJTrumpJr... Nobody listening to that interview can come out of t‚Ä¶ https://t.co/dsDHhE4we5"	85
385	0.0	0.0	1.0	FoxNews	0.0	".@PeterRoskam: ""We've got to figure out how to give more middle income tax relief."" #SundayFutures @MariaBartiromo https://t.co/c9dsWzjiAY"	86
386	-0.1531	0.082	0.918	FoxNews	0.0	".@MariaBartiromo: ""What do you do about a politicization of the @FBI?""

Former AG Mukasey: ""You expose it and stop‚Ä¶ https://t.co/mn0eKYeuXU"	87
387	0.0	0.0	1.0	FoxNews	0.0	".@RepPeteKing: ""Once the collusion issue is out of the way, we can really focus on everything that happened in the‚Ä¶ https://t.co/3vIrgPSbtp"	88
388	0.0	0.0	1.0	FoxNews	0.0	".@RepPeteKing: ""I was at the interview with @DonaldJTrumpJr... Nobody listening to that interview can come out of t‚Ä¶ https://t.co/1HYGBvdzjF"	89
389	0.0	0.0	1.0	FoxNews	0.0	".@MariaBartiromo: ""Everybody knows if there was any collusion between @realDonaldTrump and the Russians, it would'v‚Ä¶ https://t.co/fyzK0QpFCT"	90
390	-0.0772	0.162	0.707	FoxNews	0.131	Pennsylvania Dem linked to gambling ring awaits sentencing https://t.co/Zw6bSO0BFM	91
391	-0.8074	0.422	0.578	FoxNews	0.0	California wildfires kill at least 1 as high winds threaten more outbreaks https://t.co/9rLHJ0OZFP	92
392	0.5267	0.0	0.812	FoxNews	0.188	".@GOPLeader: ""I have never watched a President so engaged... He wants to keep his promise to create more jobs and m‚Ä¶ https://t.co/HvahoNWxBs"	93
393	-0.1531	0.082	0.918	FoxNews	0.0	".@MariaBartiromo: ""What do you do about a politicization of the @FBI?""

Former AG Mukasey: ""You expose it and stop‚Ä¶ https://t.co/Js0VVoJjRZ"	94
394	0.5267	0.0	0.812	FoxNews	0.188	".@GOPLeader: ""I have never watched a President so engaged... He wants to keep his promise to create more jobs and m‚Ä¶ https://t.co/GAbCk5ttfB"	95
395	0.3818	0.0	0.86	FoxNews	0.14	On @WattersWorld, @PressSec Sarah Sanders slammed former President @BarackObama for taking credit for the economy u‚Ä¶ https://t.co/cxsBP2JQ0v	96
396	0.1027	0.073	0.833	FoxNews	0.094	".@GOPLeader: ""The top 10 percent make $133,000 and higher in this country... Those individuals currently pay $2.54‚Ä¶ https://t.co/5tALYk3npv"	97
397	-0.7707	0.352	0.648	FoxNews	0.0	".@GOPLeader: ""We cannot solve this debt problem without growing the economy and that's why we wrote a tax plan that‚Ä¶ https://t.co/j01LOBYjZA"	98
398	0.4939	0.0	0.833	FoxNews	0.167	".@GOPLeader: ""The House and Senate have 2 different bills. Structurally they're pretty similar. They're going to wo‚Ä¶ https://t.co/HeEKHYlI1y"	99
399	0.836	0.0	0.736	FoxNews	0.264	RT @FoxNewsSunday: .@nikkihaley on if she would take the Secretary of State job if offered: I would not take it, I am perfectly happy in Ne‚Ä¶	100
400	0.2023	0.0	0.795	nytimes	0.205	The week‚Äôs top stories, and a look ahead https://t.co/zoAsvlH7W5	1
401	0.0	0.0	1.0	nytimes	0.0	RT @danielle_ivory: NEW: Confidential internal EPA documents obtained by the @nytimes show that a slowdown of enforcement coincides with po‚Ä¶	2
402	0.6369	0.0	0.811	nytimes	0.189	"RT @nytimesbooks: Did you love ""Brown Girl Dreaming""? @JackieWoodson will publish 2 new books for young readers next year. https://t.co/9jj‚Ä¶"	3
403	0.0498	0.151	0.69	nytimes	0.159	"Watching the ""Me, Too"" campaign, some particularly courageous Afghan women are more willing to talk about assaults https://t.co/Ws52CUJm2o"	4
404	-0.5574	0.284	0.606	nytimes	0.11	He's 22, she's 81, and their friendship is melting hearts. A forgotten war orphan. The weird pot scene in L.A. https://t.co/epDpoj7vEX	5
405	0.6652	0.14	0.613	nytimes	0.247	The risk can‚Äôt be ignored but isn‚Äôt as great as it may seem from a recent study https://t.co/M0Gfsl6tft	6
406	-0.296	0.099	0.901	nytimes	0.0	The American ambassador to the UN said that the women who have accused Trump of sexual misconduct ‚Äúshould be heard‚Äù https://t.co/eN6Wg9hVRo	7
407	-0.4939	0.208	0.792	nytimes	0.0	‚ÄúThere is no place for anti-Semitism in our Swedish society. The perpetrators will answer for their crimes.‚Äù https://t.co/4MdjtivD9Z	8
408	0.0	0.0	1.0	nytimes	0.0	Pick up the phone rather than relying on apps https://t.co/j2WY3UJNOs	9
409	0.0	0.0	1.0	nytimes	0.0	The map was expected to sell for over $1 million but was withdrawn from a Christie's sale https://t.co/yfDF7nfIXE	10
410	0.0	0.0	1.0	nytimes	0.0	Who are Rey's parents? The internet has theories. https://t.co/YnIOnS6jJX https://t.co/U4qIOOS7Rt	11
411	0.4215	0.0	0.877	nytimes	0.123	Watch: Ashley Iorio and David Sands met at the United States Naval Academy and were wed on Veterans Day #Daily360‚Ä¶ https://t.co/zsM8BN4HxV	12
412	0.0	0.0	1.0	nytimes	0.0	In an improbable turn of events, the sound of silence went viral https://t.co/oLYdOmma20	13
413	0.0	0.0	1.0	nytimes	0.0	How to know if an app is appropriate for children, or even educational https://t.co/4LqtR4iPFg	14
414	0.5106	0.0	0.751	nytimes	0.249	At center stage of what looked like a Nine Inch Nails concert was Taylor Swift https://t.co/ByBFKKZWg1	15
415	0.4019	0.0	0.863	nytimes	0.137	Senator Richard Shelby, a fixture of Republican politics in Alabama, said on national television that the party cou‚Ä¶ https://t.co/zJePeEuBgO	16
416	0.3818	0.153	0.597	nytimes	0.25	Opinion: It's been brutal for anyone who believes America‚Äôs public lands are best left in their natural state https://t.co/LzyFFs4u9h	17
417	0.3612	0.163	0.571	nytimes	0.265	We‚Äôre interested in hearing from parents whose children faced a serious illness. We invite you to share your experi‚Ä¶ https://t.co/U9UaNOtkNf	18
418	0.0	0.0	1.0	nytimes	0.0	"‚ÄúThey gave me 50/50, but we‚Äôve changed it to 51/49, so that I have the upper hand."" https://t.co/WpJn4eejKV https://t.co/VZqrtaXUDY"	19
419	-0.743	0.344	0.656	nytimes	0.0	President Trump called for a Washington Post reporter to be fired over a misleading tweet https://t.co/60rquXrO18	20
420	-0.2263	0.106	0.894	nytimes	0.0	Thousands of protesters chanted slogans against Trump‚Äôs decision to recognize Jerusalem as the capital of Israel https://t.co/icMzSfgJ0k	21
421	0.6249	0.0	0.746	nytimes	0.254	Rising incomes allow China‚Äôs retirees to enjoy a retirement that would have been unthinkable for their parents https://t.co/w4gBshsfmM	22
422	0.0	0.0	1.0	nytimes	0.0	RT @EricLiptonNYT: There's widespread evidence that the Trump admin has been rolling back federal regulations. How about enforcement target‚Ä¶	23
423	-0.3382	0.333	0.455	nytimes	0.212	@lucasgrindley We lost that challenge. Sorry about the error. Thanks for catching it! https://t.co/sZeNajXoe4	24
424	-0.7506	0.368	0.632	nytimes	0.0	The EPA under President Trump has slowed down efforts to punish polluters https://t.co/R1s7qP5oTR	25
425	-0.1007	0.265	0.556	nytimes	0.179	@AnonyMs_One Thanks for alerting us to the error. Sorry about that! https://t.co/sZeNajXoe4	26
426	0.8555	0.0	0.625	nytimes	0.375	"Modern Love: What 9 years of therapy and ""open"" Scrabble taught her about love https://t.co/qAJC03ajuk (Correction:‚Ä¶ https://t.co/SepmMvhYqT"	27
427	-0.5423	0.239	0.697	nytimes	0.065	Max Clifford was serving an 8-year sentence for sexual offenses against victims as young as 15 https://t.co/XqLWWte10z	28
428	0.0	0.0	1.0	nytimes	0.0	Your cat tattoo can have your actual cat in it https://t.co/4pxWo0GJ4F	29
429	0.0	0.0	1.0	nytimes	0.0	We interviewed members of 7 families who have spoken to parents, grandparents, sons or daughters about sexual assau‚Ä¶ https://t.co/RGe2KNXXEI	30
430	0.1298	0.0	0.939	nytimes	0.061	In most places, a dollar is a dollar. But in the tax plan, the amount you make may be less important than how you m‚Ä¶ https://t.co/Zx7pr7K69P	31
431	0.6486	0.0	0.725	nytimes	0.275	Ojai is a picturesque town known for healthy, spiritual living. The California fires have disrupted that. https://t.co/bPYRgMz3es	32
432	0.4404	0.0	0.868	nytimes	0.132	Some consumers are finding they can get a better deal on prescription drugs by leaving their insurance cards at home https://t.co/qK3Wrewxyp	33
433	0.0	0.0	1.0	nytimes	0.0	The Stone: For Veterans, a Path to Healing ‚ÄòMoral Injury‚Äô https://t.co/69S0AXL1cF	34
434	0.5106	0.102	0.667	nytimes	0.231	Trump sees the presidency as a prize he must fight to protect every waking moment, and Twitter is his Excalibur‚Ä¶ https://t.co/6aEvx25mLU	35
435	0.0	0.0	1.0	nytimes	0.0	Jerusalem is not just its postcard vistas. The day-in, day-out friction can be draining. https://t.co/kQqIbm7cqC	36
436	0.2584	0.0	0.903	nytimes	0.097	"‚ÄúPlease do not shoot me"": Newly released body camera footage shows a police officer shooting an unarmed man in Ariz‚Ä¶ https://t.co/gN14S1iQu1"	37
437	-0.2263	0.16	0.84	nytimes	0.0	Protests in Lebanon Near U.S. Embassy After Trump‚Äôs Jerusalem Decision https://t.co/rhTl1as2l0	38
438	0.0	0.0	1.0	nytimes	0.0	92 Somali citizens were flown out of the U.S. under orders of deportation, but their plane never made it to Somalia https://t.co/o0dc6Jm9A2	39
439	-0.3182	0.113	0.887	nytimes	0.0	What Trump‚Äôs decision to recognize Jerusalem as Israel‚Äôs capital means for the city, the conflict and the world https://t.co/TMzXarFvfL	40
440	0.5574	0.0	0.714	nytimes	0.286	Janet Yellen Didn‚Äôt Set Out to Be a Feminist Hero https://t.co/ZBBXFKq6qG	41
441	0.0	0.0	1.0	nytimes	0.0	How Luke Bryan and Blake Shelton, 2 of Nashville‚Äôs biggest stars, are adapting to country‚Äôs new ways https://t.co/v9ZM6v9Rqr	42
442	-0.2263	0.242	0.605	nytimes	0.153	She survived a brain tumor at age 4. It was just the start of her fight. https://t.co/JmOzuWU2wz	43
443	0.4767	0.0	0.78	nytimes	0.22	A new way of measuring school performance turns up some unexpected winners https://t.co/gU9YlIGWja	44
444	0.0	0.0	1.0	nytimes	0.0	The Power of Touch, Especially for Men https://t.co/ZM0Vsniy2Z	45
445	-0.296	0.199	0.663	nytimes	0.138	After the death of a young son, can a long road trip help a family to heal? https://t.co/PqFvd8sU6r	46
446	0.0	0.0	1.0	nytimes	0.0	"Tens of thousands of people said goodbye and ""Merci, Johnny"" to the French rocker Johnny Hallyday in Paris https://t.co/NIAg0tdWJa"	47
447	-0.5423	0.28	0.72	nytimes	0.0	‚ÄòS.N.L.,‚Äô Santa and James Franco Relentlessly Tackle Sexual Harassment https://t.co/kgdLeYncPO	48
448	0.0	0.0	1.0	nytimes	0.0	"""To me, the college send-off was not a blues for Chloe. It was a celebration."" https://t.co/btkS6LZCJt"	49
449	-0.5972	0.246	0.754	nytimes	0.0	He defected from North Korea more than 3 decades ago. So why won't the South accept him? https://t.co/ojIaNT0KB1	50
450	0.7351	0.0	0.733	nytimes	0.267	"Ruby Rose has a whole closet dedicated to skin and hair care. ""I consider this all self-care,"" she said. https://t.co/mGUBF2B6h9"	51
451	0.0772	0.0	0.909	nytimes	0.091	Actually, you do want to know how this sausage gets made https://t.co/SDmBZBmDkJ via @NYTScience	52
452	0.4404	0.0	0.707	nytimes	0.293	8 ways to have a better relationship in 2018 https://t.co/VlRuKBEKvC	53
453	0.0	0.0	1.0	nytimes	0.0	An algorithm analyzed 52 million dolphin clicks. It found 7 distinct types of sounds. https://t.co/noyluyBGrH	54
454	-0.5106	0.202	0.798	nytimes	0.0	Older Venezuelans who have migrated say that arguably the biggest hardship is starting over in their sunset years https://t.co/Z9RfqIqtuH	55
455	0.0	0.0	1.0	nytimes	0.0	How to use an Instant Pot https://t.co/1nJIGi8N8Y https://t.co/C2Ic2vzmmg	56
456	0.0	0.0	1.0	nytimes	0.0	Macron Steps Into Middle East Role as U.S. Retreats https://t.co/mSiyzgup8j	57
457	0.0	0.0	1.0	nytimes	0.0	These almond cookies need just 4 ingredients https://t.co/WxR0qJfsHF	58
458	0.0	0.0	1.0	nytimes	0.0	It has been several generations since Haiti was a major tourist destination, but it may become one again https://t.co/JpUVdMThi8	59
459	0.8225	0.0	0.677	nytimes	0.323	Many athletes have been told that smiling while sweating will make our efforts feel easier. But is it actually true? https://t.co/i9wPDL8lm8	60
460	0.6369	0.0	0.588	nytimes	0.412	The best TV shows of 2017 https://t.co/b6UzsqJTb8	61
461	-0.25	0.087	0.913	nytimes	0.0	Trump reduced the size of 2 monuments this week and plans for many others are unclear. We explored a few of those p‚Ä¶ https://t.co/lXFtPoN4kO	62
462	0.2023	0.0	0.909	nytimes	0.091	Here's how to get your body and mind in top shape in 2018, whatever that means for you https://t.co/xcs0zL1z12	63
463	0.6369	0.0	0.826	nytimes	0.174	"Maybe your love of ‚ÄúStar Wars‚Äù runs deep. Maybe you're a newbie. We catch you up ahead of ""The Last Jedi.""‚Ä¶ https://t.co/tJHSnELSGV"	64
464	0.0	0.0	1.0	nytimes	0.0	26 casseroles for cold nights https://t.co/K2t598jCUP https://t.co/q5OEUXrScn	65
465	0.3818	0.0	0.867	nytimes	0.133	In ‚ÄúHome,‚Äù an entire house is custom built, room by room, on stage before your astonished eyes https://t.co/XpinY2NTHL	66
466	0.4939	0.0	0.849	nytimes	0.151	Here‚Äôs how to become part of the small group of people that successfully achieve their New Year's resolution https://t.co/oBxWcJxlTM	67
467	0.8481	0.0	0.685	nytimes	0.315	Come what may March 4, the night of the Academy Awards, Jordan Peele can take comfort in knowing that he already won https://t.co/O4qbsj7ES8	68
468	0.34	0.0	0.888	nytimes	0.112	Permits to hunt bighorn sheep are auctioned for hundreds of thousands of dollars. That money has helped revive shee‚Ä¶ https://t.co/ZEn0lB4s4S	69
469	-0.3818	0.12	0.88	nytimes	0.0	For other presidents, every day is a test of how to be a leader. For Trump, it is a battle for self-preservation. https://t.co/h9vM7JniGT	70
470	0.0	0.0	1.0	nytimes	0.0	Heisman Trophy Goes to Baker Mayfield, Explosive Oklahoma Quarterback https://t.co/rSRFbYIURB	71
471	0.3182	0.0	0.887	nytimes	0.113	Remember Emma Stone‚Äôs cringe-worthy one-woman show in ‚ÄúLa La Land‚Äù? With a wig and a wink, these guys sure do. https://t.co/oLlFzwiROf	72
472	0.0	0.0	1.0	nytimes	0.0	Do not microwave an egg. https://t.co/yeALzNGtnc	73
473	0.0	0.0	1.0	nytimes	0.0	‚ÄúYou hit a patch of ice on a turn, that‚Äôs it,‚Äù said one AAA official. https://t.co/1zyynodghf	74
474	0.2732	0.0	0.87	nytimes	0.13	On Washington: How Arctic Drilling, Stymied for Decades, Made Surprise Return in Tax Bill https://t.co/VI6u4ctFHB	75
475	-0.7269	0.404	0.596	nytimes	0.0	In Indonesia, Women Begin to Fight ‚ÄòEpidemic‚Äô of Street Harassment https://t.co/ZpTA0g1yXx	76
476	0.0	0.0	1.0	nytimes	0.0	The 4th largest planetarium in the world is opening in Jersey City https://t.co/wnQO2hdsrW	77
477	0.0	0.0	1.0	nytimes	0.0	29,000 square feet. 400 employees. Hundreds of coffee drinkers. A look inside the largest Starbucks in the world: https://t.co/NQEkAJ3nNl	78
478	0.0	0.0	1.0	nytimes	0.0	Op-Ed Columnist: Roadkill on Capitol Hill https://t.co/pjh1qJclyf	79
479	0.0	0.0	1.0	nytimes	0.0	Screens (and Titles) Full of ‚ÄòWonder‚Äô https://t.co/rnvnRzHVuG	80
480	0.6369	0.0	0.704	nytimes	0.296	Where to stream some of the best movies of 2017 https://t.co/hY7iFrelhm	81
481	-0.4588	0.286	0.714	nytimes	0.0	With Alabama Senate Race Defined by Scandal, Policy Issues are Overlooked https://t.co/eUlitMvDoT	82
482	0.0	0.0	1.0	nytimes	0.0	A white couple adopted a black girl and then returned her for a white daughter. This is what happened when the 2 wo‚Ä¶ https://t.co/QYsrMk1Tx4	83
483	-0.5423	0.22	0.78	nytimes	0.0	Trump views himself as a maligned outsider struggling to be taken seriously, according to interviews with 60 inside‚Ä¶ https://t.co/fwpQ22EgpA	84
484	0.0	0.0	1.0	nytimes	0.0	Making a gingerbread house doesn't have to be daunting https://t.co/9x21yj82XL https://t.co/LZeSbX7Wqt	85
485	-0.3182	0.113	0.887	nytimes	0.0	What Trump‚Äôs decision to recognize Jerusalem as Israel‚Äôs capital means for the city, the conflict and the world https://t.co/rUS2YFE7at	86
486	0.0	0.0	1.0	nytimes	0.0	"Opinion: ""Bears Ears will always be Native land. But the protections President Trump is gutting are sorely needed."" https://t.co/uBsmdmL5hn"	87
487	0.2584	0.0	0.903	nytimes	0.097	"‚ÄúPlease do not shoot me"": Newly released body camera footage shows a police officer shooting an unarmed man in Ariz‚Ä¶ https://t.co/pQV4G1yX4A"	88
488	-0.7845	0.331	0.669	nytimes	0.0	We're tracking the men who have been accused of sexual misconduct since the Weinstein scandal broke. Our list: https://t.co/wI0Fshg6vQ	89
489	0.4019	0.0	0.847	nytimes	0.153	For decades, there has always been a must-have holiday toy ‚Äî and this year, it's the Fingerling‚Ä¶ https://t.co/H6GoEkDoRG	90
490	0.0	0.0	1.0	nytimes	0.0	92 Somali citizens were flown out of the U.S. under orders of deportation, but their plane never made it to Somalia https://t.co/nhJtXcDrjG	91
491	0.5719	0.0	0.783	nytimes	0.217	Shohei Ohtani could become the first significant 2-way MLB player since Babe Ruth accomplished the feat a century a‚Ä¶ https://t.co/R1ekKHYrbz	92
492	0.5574	0.0	0.783	nytimes	0.217	A military romance, with miles to go before they sleep under the same roof https://t.co/aYYKQPUTid	93
493	-0.1639	0.08	0.87	nytimes	0.05	"‚ÄúOnce they identified you as a girl they wanted to have sex with, they would hardly leave you alone a single day"" https://t.co/CJB9UosN4g"	94
494	0.5574	0.0	0.806	nytimes	0.194	RT @AKannapell: What We‚Äôre Reading: a rich range of recommendations via @AnnaDubenko @rodnordland @tripgabriel @Lyrichnyc @prashantrao @lia‚Ä¶	95
495	0.296	0.0	0.845	nytimes	0.155	Developers are creating what are essentially new buildings in old prewar shells https://t.co/del6qq8sXW	96
496	0.5106	0.0	0.852	nytimes	0.148	"Opinion: ""America, you‚Äôve been had: ginseng and Jeju volcano water are not the whole story behind that flawless ski‚Ä¶ https://t.co/Rs2M9vMnLI"	97
497	0.0	0.0	1.0	nytimes	0.0	Jerusalem is not just its postcard vistas. The day-in, day-out friction can be draining. https://t.co/qMaODJr6VZ	98
498	0.4404	0.0	0.868	nytimes	0.132	Some consumers are finding they can get a better deal on prescription drugs by leaving their insurance cards at home https://t.co/SwuD280Nua	99
499	0.1298	0.0	0.939	nytimes	0.061	In most places, a dollar is a dollar. But in the tax plan, the amount you make may be less important than how you m‚Ä¶ https://t.co/qepokO3nqG	100
